Price,Close,High,Low,Open,Volume
Ticker,MSFT,MSFT,MSFT,MSFT,MSFT
Date,,,,,
2020-01-02,152.15835571289062,152.2625613691434,149.98900181173212,150.41529242187937,22622100
2020-01-03,150.26376342773438,151.52369966939423,149.7332670007078,149.9795792382155,21116200
2020-01-06,150.6521453857422,150.71846465674278,148.26489736372372,148.80487615350108,20813700
2020-01-07,149.27854919433594,151.25844269298102,149.03225142604057,150.92688967276914,21634100
2020-01-08,151.65631103515625,152.32891395537885,149.62904874222338,150.55741741152548,27746500
2020-01-09,153.55093383789062,153.67408993395057,152.54677800677655,153.31410408696973,21385000
2020-01-10,152.84043884277344,154.62140312836723,152.68886433869304,154.24248132310657,20725900
2020-01-13,154.67825317382812,154.70667158890456,152.76466464734693,153.23832417187603,21626500
2020-01-14,153.58885192871094,154.98141217679571,153.2004476244277,154.78246880352256,23477400
2020-01-15,154.5835418701172,155.30351372144347,154.00569102831227,154.05304542489407,21417900
2020-01-16,157.41598510742188,157.4823043709957,155.38872317227825,155.69187216871902,23865400
2020-01-17,158.2970428466797,158.64754632231816,156.71500707487465,158.60017747170502,34371700
2020-01-21,157.7285919189453,159.3295631226846,157.66227265964778,157.89910237724382,29517200
2020-01-22,156.9707794189453,158.66648878308445,156.95182898866327,158.58121907428676,24138800
2020-01-23,157.93702697753906,158.0128142331594,156.56341729990527,157.43494905712768,19680800
2020-01-24,156.34552001953125,158.70434951248504,155.78660528365143,158.68539908526893,24918100
2020-01-27,153.73097229003906,154.77302928468092,151.76054644422686,152.66049687326566,32078100
2020-01-28,156.74343872070312,157.02762291226713,154.47934644660026,155.15193497322656,24899900
2020-01-29,159.1875,159.86010294143955,156.96130872089228,158.99803906528018,34754500
2020-01-30,163.67779541015625,164.88089473268496,161.7926251689453,164.88089473268496,51597500
2020-01-31,161.26214599609375,163.31782695899412,160.64639428803872,163.13784845021453,36142700
2020-02-03,165.19354248046875,165.3072161697308,161.4232012972318,161.45161971954732,30107000
2020-02-04,170.6311492919922,171.12375938000062,167.02186503790605,167.80814179887963,36433300
2020-02-05,170.42269897460938,174.49617396372633,169.01120277781624,174.33513145257945,39186300
2020-02-06,173.9562225341797,174.13621548794777,170.5742861837626,171.43635009131322,27751400
2020-02-07,174.20252990722656,175.85087054547617,172.86680634459037,173.21732428358098,33529100
2020-02-10,178.75912475585938,178.89174886166035,173.5962381626121,173.90885522377374,35844300
2020-02-11,174.72352600097656,180.65373798592051,173.83304379083776,180.60636914294562,53159900
2020-02-12,174.97935485839844,176.05929828587423,172.27002107298435,175.80351802661943,47062900
2020-02-13,174.03201293945312,176.41924686578838,173.23625384239782,173.43519723039753,35295800
2020-02-14,175.58567810058594,175.6425149587632,173.02790384301903,173.59630133468914,23149500
2020-02-18,177.36651611328125,177.8117571589864,175.72765844043812,175.8318640991125,27792200
2020-02-19,177.8985137939453,178.75342396936063,177.1290917371865,178.63943981115193,29997500
2020-02-20,175.18177795410156,177.87001544081576,172.02809549780588,177.5850405545757,36862400
2020-02-21,169.643798828125,174.3078432347574,168.3709275932466,173.99437234955488,48572600
2020-02-24,162.32957458496094,165.80623699687268,155.05328492359658,159.36586996860478,68311100
2020-02-25,159.6508026123047,166.08165959218329,159.25182910172236,165.47371997311936,68073300
2020-02-26,161.64559936523438,164.58080718946448,159.78379060390208,161.20865045967483,56206100
2020-02-27,150.2562255859375,158.66290516046735,150.06624715653416,155.13875963759634,93174900
2020-02-28,153.89437866210938,155.50923164149168,144.3858178493649,144.77528307354186,97012700
2020-03-02,164.1343231201172,164.2578155923196,154.17930794633403,157.02902719219887,71030800
2020-03-03,156.26914978027344,166.23367652237985,154.13185965355714,165.0937913536831,71677000
2020-03-04,162.0065460205078,162.1490261885452,157.32349974057868,160.04974107587717,49814400
2020-03-05,157.9409637451172,162.31052511256803,157.39001621509487,157.73198314771483,47817300
2020-03-06,153.4763946533203,154.93924423326555,148.18540868091614,154.4642910003139,72821100
2020-03-09,143.074951171875,149.84779099085083,142.48601362046037,143.4359203779301,70419300
2020-03-10,152.85899353027344,152.96348385327482,144.93677465901976,150.23725610009342,65354400
2020-03-11,145.93414306640625,149.8002550593637,143.57836446468625,149.25881588095203,56371600
2020-03-12,132.0940399169922,145.78220065599004,131.63808870236042,138.0214636849162,93226400
2020-03-13,150.87367248535156,153.79938665871734,133.68035660445514,140.11122857796408,92727400
2020-03-16,128.63632202148438,141.8685256152084,128.23736307569055,132.98689504145688,87905900
2020-03-17,139.22781372070312,140.111219878546,128.23738768544888,132.98692056268771,81059800
2020-03-18,133.3668975830078,138.68638100850166,128.2564092897263,131.08712725461115,81593200
2020-03-19,135.56118774414062,142.62848121921525,132.03702760813172,135.61817982543892,85922700
2020-03-20,130.46969604492188,139.73128672500724,129.054329789664,138.68638351717573,84866200
2020-03-23,129.16830444335938,133.52838705805826,125.88163549437337,130.14670715023314,78975200
2020-03-24,140.90914916992188,142.10604082694735,134.19331668258258,136.5490811192796,82516700
2020-03-25,139.56028747558594,146.59909944242216,137.20452297118143,141.4506069839255,75638200
2020-03-26,148.28990173339844,148.81235319825882,140.9376203324005,140.96611636735446,64568100
2020-03-27,142.20103454589844,147.13105279245107,141.7260811810194,144.1483462407878,57042300
2020-03-30,152.20355224609375,152.55502759461282,142.4955042449224,144.8037851504322,63420300
2020-03-31,149.8097686767578,156.52560046154846,148.71736744542542,151.41509857414286,77927200
2020-04-01,144.49032592773438,149.84779977411256,143.26495251632153,145.33574241165908,57969900
2020-04-02,147.4824981689453,147.69147878711792,142.82796147930063,144.25282142442757,49630700
2020-04-03,146.1241455078125,149.4963171018683,144.5662991410881,147.33053104311554,41243300
2020-04-06,156.99105834960938,158.15943933853654,149.68627471810913,152.28902386275382,67111700
2020-04-07,155.30026245117188,161.48415028222087,155.08177345892028,161.0946850293483,62769000
2020-04-08,156.85812377929688,158.32097396007978,155.30977096570308,157.37106710402045,48318200
2020-04-09,156.8675994873047,158.98588747288602,155.1482705957952,158.02648687721998,51385100
2020-04-13,157.21902465820312,157.27603122535353,154.16983281192037,156.1171440984928,41905300
2020-04-14,164.99879455566406,165.04629279060418,159.58432914429642,160.5342358653934,52874300
2020-04-15,163.2699432373047,164.8752876336318,160.76219051302303,162.62399924309832,40940800
2020-04-16,168.17144775390625,168.39943054189166,164.23883525130512,165.56871310625135,50479600
2020-04-17,169.6533203125,170.98318372145278,167.06006492340595,170.50823043333762,52765600
2020-04-20,166.29066467285156,169.79582271685595,166.2241787409171,167.78202514998281,36669600
2020-04-21,159.41334533691406,164.97029069532127,157.7889985432716,164.8088082997189,56203700
2020-04-22,164.8278045654297,165.28375569511513,162.26305953111464,162.8044987799114,34620200
2020-04-23,162.8329620361328,166.29062093682896,162.3485149642783,165.38821270756796,32790800
2020-04-24,165.80621337890625,165.8157072276836,162.15857521767563,163.4409405350451,34277600
2020-04-27,165.33126831054688,168.0384937789197,164.6188382671183,167.74402501341078,33194400
2020-04-28,161.30361938476562,166.87007201792395,160.9046603967209,166.7940777590931,34392700
2020-04-29,168.54188537597656,168.77936197566842,163.26991645835463,164.5427875540418,51286600
2020-04-30,170.23275756835938,171.36313417668887,167.4020256405569,170.98317735810693,53875900
2020-05-01,165.82516479492188,169.69127624962576,165.29320504334035,166.99354559150055,39370500
2020-05-04,169.88133239746094,170.0333209674912,165.0938083969301,165.74924642256127,30372900
2020-05-05,171.7051239013672,174.4503535890993,170.88820358800612,171.57213754777004,36839200
2020-05-06,173.3959503173828,174.97279880598006,172.53154629757884,172.95900138331487,32139300
2020-05-07,174.40286254882812,175.30527094576834,173.43395373066107,174.94430178922232,28316000
2020-05-08,175.42877197265625,175.73274909057017,174.17490259732813,175.71374689709387,30877800
2020-05-11,177.3855743408203,178.11699203070202,173.69043802497885,173.97539842652998,30892700
2020-05-12,173.367431640625,177.6705069643846,173.16795939072577,177.4425386787855,32038200
2020-05-13,170.74571228027344,174.83031358141244,167.6965057001137,173.4054536736494,44711500
2020-05-14,171.48663330078125,171.63862183186455,166.87958060148486,168.64640741566177,41873900
2020-05-15,173.98492431640625,177.68955485444684,168.1334952406675,170.0903008322698,46610400
2020-05-18,175.64718627929688,176.8725590906157,174.74477814762233,176.4451041329194,35264500
2020-05-19,174.43136596679688,177.25258992843055,174.29837961314254,175.76122950334033,26799100
2020-05-20,176.850830078125,177.03181730648205,175.21243926902898,176.0411549622514,31261300
2020-05-21,174.72666931152344,177.81294413557703,174.5933125648863,176.6031985901431,29119500
2020-05-22,174.80282592773438,175.7077620261806,173.87884925285118,174.49801682204026,20826900
2020-05-26,172.95489501953125,177.65096998396217,172.50719436134594,177.4985581567519,36073600
2020-05-27,173.1835174560547,173.3549844144041,168.2207285103278,171.64990779458807,39517100
2020-05-28,172.7929229736328,175.41244091280458,171.82133042124315,172.16424971467177,33810200
2020-05-29,174.55517578125,175.52678301222977,171.84993125203522,174.05984460970063,42130400
2020-06-01,174.15509033203125,174.31702243383316,172.85009869499837,173.87884210235282,22622400
2020-06-02,176.1364288330078,176.22215504170484,172.74534536425864,175.50774089964386,30794600
2020-06-03,176.5650634765625,177.11754545638277,174.86952184719328,176.0506917214427,27311000
2020-06-04,174.24081420898438,177.02226437046897,173.65023660617592,175.55534065114813,28761800
2020-06-05,178.31776428222656,178.82261577227575,173.3740161676006,173.9550735758374,39893600
2020-06-08,179.42271423339844,179.60370145806192,175.6887117435754,177.11753989433996,33211600
2020-06-09,180.79440307617188,181.651694207209,178.37491244759534,179.07980627930513,29783900
2020-06-10,187.50038146972656,189.1006768084004,181.947000106035,182.06131625973632,43872300
2020-06-11,177.4319305419922,186.47164305333587,177.241422978696,183.9664402531399,52854700
2020-06-12,178.8321075439453,182.62326021863524,176.3935623533799,181.4992413644573,43373600
2020-06-15,179.97520446777344,181.7660071501727,175.27911483833037,175.8220765372761,32770200
2020-06-16,184.38552856445312,186.30015317328437,182.37564292571702,183.7377855376434,42556700
2020-06-17,185.02371215820312,187.0050221314009,184.49980563299377,185.7762218691107,25687800
2020-06-18,187.0050506591797,187.166982785349,184.79512262836676,184.79512262836676,23061600
2020-06-19,185.89053344726562,189.8340984950889,185.1475439842548,189.16731494300117,44441100
2020-06-22,191.0533905029297,191.23436320106813,185.96675100741712,186.50017788250193,32818900
2020-06-23,192.329833984375,194.27303423664063,191.87259842577603,192.5012864177539,30917400
2020-06-24,188.45291137695312,193.6062219286943,187.23364580385098,192.03451671588377,36740600
2020-06-25,190.8343048095703,191.0914979740535,186.19538023333627,188.41482860990715,27803900
2020-06-26,187.0145721435547,190.4056555951069,185.63337438286644,190.2532437572232,54675800
2020-06-29,189.02444458007812,189.1101707823293,184.3664653054702,186.49065245840316,26701600
2020-06-30,193.85386657714844,194.7016373382491,188.3576515970513,188.4910083054899,34310300
2020-07-01,194.9874267578125,196.5591465629425,192.1964558697461,193.50144769462975,32061200
2020-07-02,196.47341918945312,198.14992042899772,195.2732086032467,195.92093714776627,29315800
2020-07-06,200.7027587890625,201.11236382000442,198.2165968027034,198.92149070943458,31897600
2020-07-07,198.36898803710938,204.48437118224155,198.12132970713935,200.46459988972657,33600700
2020-07-08,202.73167419433594,203.14126463883366,198.78810890651903,200.10263551405538,33600000
2020-07-09,204.1510009765625,206.11325624543244,201.43622130626395,206.06562572695827,33121700
2020-07-10,203.53182983398438,203.9223797300993,201.06472308791984,203.48419931632273,26177600
2020-07-13,197.24497985839844,205.5607560236362,196.70201815845206,204.30338021415548,38135600
2020-07-14,198.46424865722656,198.94052473796404,192.44411202000435,196.34958169596874,37591800
2020-07-15,198.16896057128906,201.30286556387918,195.3017835765053,199.6168440382108,32179400
2020-07-16,194.24444580078125,195.93998757949456,192.71083615432784,195.6542190082387,29940700
2020-07-17,193.25375366210938,195.31125492769436,191.83444595508598,194.76830784788956,31635300
2020-07-20,201.56005859375,202.22684225080772,193.37762385459058,195.27320803339165,36884800
2020-07-21,198.84530639648438,203.7890555014421,198.15946753020148,203.52234200175383,37990400
2020-07-22,201.7029266357422,202.22683324824817,198.50235068955192,199.27391563942754,49605700
2020-07-23,192.92990112304688,200.91229258668062,192.55840637545583,197.35927722794668,67457000
2020-07-24,191.74874877929688,193.2347277928302,188.13856802751238,190.91049824456846,39827000
2020-07-27,194.177734375,194.29203596584566,191.3295986131763,191.9106559246256,30160900
2020-07-28,192.4345703125,194.98740284441632,192.16785689975623,193.94912459232157,23251400
2020-07-29,194.3778076171875,194.93980994999856,192.4250726197522,192.8918284495138,19632600
2020-07-30,194.2254180908203,194.75885961533362,190.10087921146712,191.46302209344006,25079600
2020-07-31,195.28273010253906,195.36847085085128,189.5674166446083,194.70167265292434,51044000
2020-08-03,206.265625,207.3134381221961,200.455065920416,201.48382393090174,78983000
2020-08-04,203.1698455810547,204.57963325518696,200.3312441892674,204.0080961402909,49280100
2020-08-05,202.83642578125,204.7986805812528,201.53143418867901,204.70341956706642,28806400
2020-08-06,206.08465576171875,206.1036963389564,201.51240270569892,202.2649124807569,32656800
2020-08-07,202.39830017089844,205.4655196114251,200.92184126067818,204.6558589111581,27820400
2020-08-10,198.36898803710938,201.8267570415429,196.55914474048373,201.62671469191105,36716500
2020-08-11,193.7301025390625,197.7974906283487,193.50148474142105,197.3307492768412,36446500
2020-08-12,199.26441955566406,200.30269808261428,195.03508498428386,195.54945683508657,28013100
2020-08-13,198.79762268066406,201.32189449596746,198.27371611259795,199.50251647540682,22588900
2020-08-14,198.98814392089844,199.64540724846154,197.66409697652952,198.85478719753726,17958900
2020-08-17,200.3026580810547,201.1694839962256,199.00718662001864,199.65492961793257,20184800
2020-08-18,201.45526123046875,202.2839769572169,199.28344347190688,200.5408047630147,21336200
2020-08-19,200.23304748535156,202.5247077340246,199.80336574182783,201.94224572660374,27627600
2020-08-20,204.8927764892578,205.29381381902428,199.47875068251517,200.08029939219975,26981500
2020-08-21,203.40318298339844,206.48736005046817,203.24085940828198,204.20525755571333,36249300
2020-08-24,204.04290771484375,205.79029360312026,202.83978144131711,205.09323916626136,25460100
2020-08-25,206.69740295410156,206.83108203246027,203.4795472015141,203.4795472015141,23043700
2020-08-26,211.16610717773438,212.06367291034857,207.5472143423268,208.04374285673754,39600800
2020-08-27,216.35101318359375,220.7146922620939,209.49514779937155,212.8275964636864,57602200
2020-08-28,218.57583618164062,220.22773106036195,216.3510225414326,217.8787816221816,26292900
2020-08-31,215.34840393066406,218.37529192711878,214.18347989796817,216.7520416656349,28774200
2020-09-01,217.00985717773438,217.181724050309,214.29805843882244,215.3293033840546,25725500
2020-09-02,221.19212341308594,222.34750420927097,217.08625915391343,217.678264507204,34080800
2020-09-03,207.48995971679688,218.95776110393626,205.2556028872172,218.9195733210918,58400300
2020-09-04,204.57762145996094,208.5020748978359,195.92664012521107,205.38925379080658,59664100
2020-09-08,193.51087951660156,200.54815481211494,193.07163989272198,197.17751849448624,52924300
2020-09-09,201.75128173828125,205.14101948557266,197.3685013238326,198.2278794601493,45679000
2020-09-10,196.09854125976562,205.04554135717223,194.89542936094682,203.766024749938,35461500
2020-09-11,194.81900024414062,199.21133762376908,192.15496208335907,197.8458878476529,33620100
2020-09-14,196.13671875,199.75561186121092,194.81901452553066,195.019540434878,30375800
2020-09-15,199.3546142578125,200.3094692028427,197.58812678153453,199.01086589480443,21823900
2020-09-16,195.79296875,201.14014659025136,195.40147480702015,201.11150211344088,26328100
2020-09-17,193.74960327148438,195.10549542521738,190.9327843465496,191.01871778722526,34011300
2020-09-18,191.34335327148438,194.4561746821562,187.3902549723177,193.6445568420673,55225300
2020-09-21,193.39627075195312,193.55860887771348,187.5143766837805,188.28780668448618,39839700
2020-09-22,198.05599975585938,198.70530865814536,192.95707813436695,195.80254163015394,33517100
2020-09-23,191.53433227539062,198.70530157646007,190.99961588664098,198.51431894911047,30803800
2020-09-24,194.0169219970703,196.28948076547937,190.20704663295967,190.82771090807543,31202500
2020-09-25,198.43792724609375,199.60283667261433,193.39628060658876,194.3606932585249,29437300
2020-09-28,199.98483276367188,202.97353356457953,198.66712820635112,201.35982628958376,32004900
2020-09-29,197.9031524658203,200.5863060399225,197.4734708243196,199.8988095855516,24221900
2020-09-30,200.83462524414062,202.41012994138174,197.21571715131006,198.35199677037934,33829100
2020-10-01,202.86846923828125,204.32939600324374,201.77993528458512,203.8519685749572,27158400
2020-10-02,196.8815155029297,201.4648215025371,196.26085113479485,198.6098003769444,33154800
2020-10-05,200.88235473632812,200.91099921434176,197.63583971881565,197.86501011285242,21331600
2020-10-06,196.61415100097656,200.69137041613547,195.57336278885933,199.3927819040882,28554300
2020-10-07,200.35714721679688,200.62450534554185,197.38754875759162,197.7121958325069,25681100
2020-10-08,201.07333374023438,201.6557957748077,198.91536704931994,201.00648690794026,19925800
2020-10-09,206.06719970703125,206.1149453581554,201.69396323673163,201.69396323673163,26458000
2020-10-12,211.40484619140625,213.75379540238984,207.02206617071406,208.9126745888685,40461400
2020-10-13,212.79893493652344,215.04284947727942,210.47863026566432,212.66525585132484,28950800
2020-10-14,210.8892364501953,214.09754923309413,209.23734168865147,212.9326251853201,23421700
2020-10-15,209.74342346191406,210.41181895444555,206.2581944574021,207.29899733498226,22733100
2020-10-16,209.74342346191406,212.2546818531345,209.4187763041029,210.21129302172162,26057900
2020-10-19,204.5490264892578,212.26425615574857,204.0715990190784,210.4691242054964,27625800
2020-10-20,204.9595947265625,207.55680117288514,203.4700234408629,206.05768658353387,22753500
2020-10-21,205.10284423828125,207.12713205079888,203.49868036105715,203.49868036105715,22724900
2020-10-22,205.18875122070312,206.3059296091729,202.14276202063672,204.27208418481786,22351500
2020-10-23,206.46827697753906,206.51602263791943,203.53687992528793,205.32245397806003,18879600
2020-10-26,200.59588623046875,206.57327167863946,198.70527791822374,204.19569269246188,37111600
2020-10-27,203.62278747558594,204.9786795523544,200.8346131891416,202.03772500009524,36700300
2020-10-28,193.52996826171875,199.4118774599647,192.97616528668934,198.29469906700677,51195600
2020-10-29,195.47784423828125,197.99865992019647,194.18878463858314,194.85719454653068,31432600
2020-10-30,193.3294677734375,195.06729607017297,190.60812555077848,194.31296712943194,36953700
2020-11-02,193.19580078125,196.01261992601422,191.08556496375604,195.06730829502152,30842200
2020-11-03,197.1106414794922,198.72434819434292,193.95007486989743,194.6853170414413,27512000
2020-11-04,206.62103271484375,208.46391008308424,202.8302579359049,204.35803146698734,42311800
2020-11-05,213.2095184326172,214.00204965218953,211.16612977646565,212.0159499519229,36080100
2020-11-06,213.62010192871094,214.23120837473735,208.18697616938863,212.22600760843946,25231900
2020-11-09,208.53074645996094,217.82147990831737,208.04377574015598,214.3076211153665,44395000
2020-11-10,201.48390197753906,206.72605996738244,200.252145721527,204.81635040648283,44045100
2020-11-11,206.7738037109375,208.19652799591586,202.62017962636645,202.80160436416497,29440800
2020-11-12,205.7139129638672,209.21822820406635,204.77815937346904,207.40400997799867,21593900
2020-11-13,206.735595703125,207.60451701831292,204.4916957931553,206.5923733192708,18621100
2020-11-16,207.42306518554688,207.9100503668806,204.83541732247747,205.1696076977842,24953300
2020-11-17,204.77816772460938,207.85278678987626,204.41531823662734,206.3441290207393,24154100
2020-11-18,202.07839965820312,205.99397625190795,201.93478771122201,204.53879324931168,28372800
2020-11-19,203.3612518310547,203.94523869108724,200.9774337417931,202.36560952624848,24792700
2020-11-20,201.4178466796875,204.194169355236,201.0444789459679,203.15065627997777,22843100
2020-11-23,201.14979553222656,203.23682175525894,199.28295679876337,201.9539699700148,25683500
2020-11-24,204.73988342285156,205.11325118374054,199.95310976628818,200.65197462988576,33979700
2020-11-25,204.7494659423828,206.10890800236606,203.39960677954608,205.93659115062835,21012900
2020-11-27,206.05140686035156,207.04706373012738,204.91215265746894,205.6876220804574,14512200
2020-11-30,204.94088745117188,205.60144979385137,201.8486218587643,204.96960691789403,33064800
2020-12-01,206.98965454101562,208.0523187829212,204.2516196677861,205.3621399555571,30904500
2020-12-02,206.1854705810547,206.28121189127353,203.72507667561828,205.71637614197203,23724500
2020-12-03,205.10365295410156,207.15239119571092,204.53880264294833,205.4578694783947,25120900
2020-12-04,205.218505859375,206.19501151420144,204.08881998260125,205.0844768171886,24666000
2020-12-07,205.15151977539062,206.3482130777084,203.90697042743815,205.22810989970768,24620000
2020-12-08,206.7981414794922,207.69805705197672,203.81120009683755,204.84514471577273,23284100
2020-12-09,202.7677001953125,206.05141934797453,202.20286450676673,205.98441212448722,32440600
2020-12-10,201.54232788085938,203.99315372570663,201.38914761353783,202.7390213291695,26733300
2020-12-11,204.16543579101562,204.2228893375298,200.1924200626549,201.0923357197763,30979400
2020-12-14,205.0653839111328,206.98967630200812,203.80168324113518,204.01230245414715,28798400
2020-12-15,204.99838256835938,206.23336380009286,203.18898262861177,205.99402510643273,27000600
2020-12-16,209.92874145507812,210.72334762421664,205.56320627702797,205.59192574993037,35023300
2020-12-17,210.06275939941406,211.47007192934876,208.6267273980989,210.49356607819405,32515800
2020-12-18,209.2681884765625,210.32128463124675,206.8077941632735,209.2681884765625,63354900
2020-12-21,213.09759521484375,214.44746894943657,208.0140437123075,208.2725335910342,37181900
2020-12-22,214.3900146484375,216.00794643471485,212.38914682397282,213.19332126901028,22612200
2020-12-23,211.59454345703125,214.0262180085377,211.38392425082907,213.59541130787824,18699600
2020-12-24,213.2507781982422,214.0741038970455,211.76687536099413,211.97749458218158,10550600
2020-12-28,215.36651611328125,216.3908780288352,213.5092456892616,214.8782558753354,17933500
2020-12-29,214.59104919433594,217.49183275361256,214.04536461399422,216.65893884295096,17403200
2020-12-30,212.22637939453125,216.00794208381058,212.02534309135797,215.62499144526328,20272300
2020-12-31,212.93482971191406,213.49009718851218,210.3116725862071,212.2455331622111,20942100
2021-01-04,208.4065399169922,213.4900908644091,205.64935379985505,213.04013300201316,37130100
2021-01-05,208.6075439453125,209.20111368086066,206.50136692413275,207.9948376371862,23823000
2021-01-06,203.19854736328125,207.25773679566413,202.90176972562557,203.1219572296807,35930700
2021-01-07,208.98094177246094,209.98616708451945,204.59627029591414,204.9121844778068,27694500
2021-01-08,210.2542266845703,211.17329358978736,207.77468161014076,209.35431096289832,22956200
2021-01-11,208.21505737304688,209.5744991531238,207.48745852732125,209.15326079150833,23031300
2021-01-12,205.76419067382812,207.84166274345526,204.22286399002414,207.26724421418334,23249300
2021-01-13,207.11410522460938,207.51619243191996,204.8068769704024,204.8930499925977,20087100
2021-01-14,203.9357147216797,208.1863721862061,203.66765655797752,206.7024693890927,29480800
2021-01-15,203.58145141601562,205.36213157006432,202.9878962340234,204.41435985792472,31746500
2021-01-19,207.20985412597656,207.7268192377233,203.56233504710266,204.63456763921351,30480900
2021-01-20,214.77293395996094,216.16109525037086,208.02358090402097,208.4160998078411,37777300
2021-01-21,215.37606811523438,216.64935150148284,212.93481093432405,215.11757827987228,30709400
2021-01-22,216.31427001953125,220.25858092455158,216.17067267204894,217.39608539747118,30172700
2021-01-25,219.74159240722656,219.9809310487722,214.65804199808883,219.3490735291546,33152100
2021-01-26,222.4221954345703,224.19329267545595,220.26814758976505,221.9722376050097,49169600
2021-01-27,222.9678955078125,230.1863578583069,220.32560189282918,227.85041013975058,69870600
2021-01-28,228.74072265625,232.29251457356312,225.064484577097,225.56231304867134,49111200
2021-01-29,222.06797790527344,227.86954440379412,221.48399101899585,225.92611574790212,42503100
2021-02-01,229.43006896972656,232.15853595719565,222.51796623567458,225.0358140012582,33314200
2021-02-02,229.29598999023438,231.97658573343273,228.51096683153912,231.00966286740996,25916300
2021-02-03,232.63717651367188,234.63804419667926,229.05666491665414,229.3534571245512,27158100
2021-02-04,231.68939208984375,232.86694881954378,230.11933105831628,232.31168137316456,25296100
2021-02-05,231.87127685546875,232.9052215570717,230.16718686803185,231.89999632428507,18054800
2021-02-08,232.12979125976562,233.2881822461942,230.54057897933532,232.78078543262248,22211900
2021-02-09,233.3743133544922,234.3220849716953,231.08623665637043,231.55533101783197,23565000
2021-02-10,232.46484375,235.43263415280472,230.61714183329966,234.55186970118112,22186700
2021-02-11,234.06362915039062,234.69547207814844,231.8234083059105,234.3412555541554,15751100
2021-02-12,234.54229736328125,234.8390749376285,232.37866672281444,233.52748926560795,16561100
2021-02-16,233.3073272705078,235.6337066860198,232.56059180579354,234.5806107188213,26728500
2021-02-17,234.32444763183594,234.429999771811,231.1962886570467,231.56092598454555,21653500
2021-02-18,233.93099975585938,234.0653374977175,231.11949750064423,232.02148575671274,16925600
2021-02-19,231.22508239746094,233.9982091087317,230.46702209962763,233.89265696504796,25262600
2021-02-22,225.02633666992188,228.3080290387014,223.00166514699936,227.81865886991,36446900
2021-02-23,223.83648681640625,225.33339754887209,219.48007774451878,221.01537906288905,30228700
2021-02-24,225.06468200683594,225.68838982058668,219.73912389245297,220.7082737093452,26339700
2021-02-25,219.72955322265625,225.10307807896038,218.66444150450877,222.69458880716616,39542200
2021-02-26,222.98248291015625,225.85155697990797,220.25732229386043,222.16685132625005,37819200
2021-03-01,227.35806274414062,227.86662818043706,223.72132352037755,226.36011252225157,25324000
2021-03-02,224.41220092773438,227.70349799818933,224.00918764921863,227.4252175123957,22812500
2021-03-03,218.3573455810547,224.13389755602432,218.0694748183949,222.7713248972642,34029500
2021-03-04,217.56092834472656,223.08800061349675,215.19081513202866,217.57053331073425,44727800
2021-03-05,222.23397827148438,223.8364408233417,217.30184319993336,220.23809282439743,41872800
2021-03-08,218.1942596435547,223.93242202512073,217.9447794153884,222.0133028006234,35267400
2021-03-09,224.32583618164062,225.86113735770795,222.30116489353895,223.46223842117595,33080500
2021-03-10,223.02084350585938,227.41562829059083,222.6562061675543,227.41562829059083,29746800
2021-03-11,227.5403594970703,229.49785452570518,224.8343945532657,225.45811704228768,29907600
2021-03-12,226.2161865234375,226.283362726676,223.79809211606153,224.54654746853438,22653700
2021-03-15,225.31417846679688,225.67881578579735,222.4354997800782,225.458121186163,26034900
2021-03-16,228.09689331054688,230.35184933196322,226.39846890984123,226.724715623145,28092200
2021-03-17,227.45396423339844,228.902908364982,223.79804509330785,226.59995691364423,29562100
2021-03-18,221.38958740234375,224.71926031527957,221.01535975192502,223.15517351500054,34833000
2021-03-19,221.0345916748047,223.0688536355773,220.0750319360675,221.67749494275228,46430700
2021-03-22,226.4464874267578,227.31967558191016,220.83305760883877,220.95780504888268,30127000
2021-03-23,227.97218322753906,231.30185638179913,227.48281307743645,227.8858263731183,31638400
2021-03-24,225.9379119873047,228.3751869519147,225.80357422770754,228.23125886724554,25620100
2021-03-25,222.94406127929688,227.35804104512198,222.20521097132493,225.78436397622824,34061900
2021-03-26,226.91665649414062,227.13736575038837,222.18603456103727,222.18603456103727,25479900
2021-03-29,225.726806640625,227.22371728101677,222.50268578373593,227.02220332170978,25227500
2021-03-30,222.47389221191406,224.39301135235166,221.75422253424998,224.08594526185743,24792000
2021-03-31,226.2353515625,229.43068651308948,222.99203570768762,223.49101075651635,43623500
2021-04-01,232.54928588867188,233.01946074415613,228.42317648565304,228.82618977966163,30338000
2021-04-05,238.99746704101562,239.8514743222582,232.88506370012828,232.9426349215154,36910600
2021-04-06,237.83644104003906,239.31415636924692,236.89607673963405,237.59655114205796,22931900
2021-04-07,239.7939453125,240.78229055854658,237.19354691855074,237.78846920288845,22719800
2021-04-08,243.0084686279297,243.8624760860077,241.8090191282854,242.54788411974718,23625200
2021-04-09,245.50335693359375,245.63769470692742,242.2312548181653,242.64385846421894,24326800
2021-04-12,245.5609130859375,247.24974743747651,244.3230729403919,244.4094444364362,27148700
2021-04-13,248.0365447998047,248.70824821467303,246.44367239367668,246.85630526571913,23837500
2021-04-14,245.25384521484375,248.36280908207007,244.84124159709435,247.06742699301665,23070900
2021-04-15,249.00572204589844,249.41832565556072,247.30731205606156,247.49920641050562,25627500
2021-04-16,250.19558715820312,250.44508205125322,247.18258492336514,248.97695687953168,24878600
2021-04-19,248.2764434814453,250.9056567188117,247.39366504124206,249.66781662573698,23209300
2021-04-20,247.8158721923828,249.67742016300645,246.45328467278097,247.39366362481238,19722900
2021-04-21,250.04202270507812,250.1379845198546,246.84670218540677,248.4683602197952,24030400
2021-04-22,246.76995849609375,251.19351425483057,245.30181881820317,249.6869986347857,25606200
2021-04-23,250.5889892578125,250.93444594888362,246.86589324164044,247.45123983804805,21462600
2021-04-26,250.9728546142578,251.82687689447934,249.64868668498414,251.07842141991543,19763300
2021-04-27,251.37586975097656,252.5465338213757,249.60067835062966,251.0016273911271,31014200
2021-04-28,244.26548767089844,246.1654262072266,242.72059614037644,245.72400771033827,46903100
2021-04-29,242.29837036132812,245.7432001834214,238.93032169994916,245.12908267315444,40589000
2021-04-30,241.9817352294922,242.84534766283653,239.50608432237092,239.64042208199547,30945100
2021-05-03,241.67469787597656,244.0640067134721,240.96461845267157,243.1524133181081,19626600
2021-05-04,237.76930236816406,241.05100957521478,235.8213972604534,240.82070996578605,32756100
2021-05-05,236.50267028808594,239.41013488306382,235.87896236652082,238.9879262904949,21901300
2021-05-06,239.63082885742188,239.7555762980852,234.79465463224184,236.48347435623583,26491100
2021-05-07,242.2504425048828,244.01602879660211,241.01260232215404,241.9529667059604,27032900
2021-05-10,237.1839599609375,241.54995953059446,237.1263887215293,240.72473760173244,29299900
2021-05-11,236.2723388671875,236.62738584949687,232.76036211665323,234.66028588552803,33641600
2021-05-12,229.33473205566406,234.49716711113675,228.44234870372256,232.37653406692775,36684400
2021-05-13,233.20179748535156,235.66787299277317,231.65690575111154,232.02154312991334,29624300
2021-05-14,238.1147003173828,239.10304549849073,235.5622830009087,235.6486398477899,23901100
2021-05-17,235.26483154296875,236.6178141840923,233.67197362740927,236.57943823986372,24970200
2021-05-18,233.249755859375,236.44509117389674,233.07702751284302,236.31075341180204,20168000
2021-05-19,233.8268280029297,233.93262388279754,229.47961380869796,230.16246611695865,25739800
2021-05-20,237.058349609375,238.47216034186488,234.53850325579242,234.6346866469853,21800700
2021-05-21,235.79847717285156,238.83769101202844,235.38492078788627,238.1067469784597,21863100
2021-05-24,241.19400024414062,241.5594795417082,238.04899101242594,238.31828691309914,21411500
2021-05-25,242.0980682373047,243.08869557539978,241.2324763784631,242.14615993513493,17704300
2021-05-26,241.87686157226562,243.27143274197246,241.16514260799994,241.81914273014226,17771600
2021-05-27,239.7802276611328,241.86727856189606,239.72252348400554,241.56913052971964,24426200
2021-05-28,240.13607788085938,242.4443476755237,240.020669527561,241.40562846925397,18270200
2021-06-01,237.94320678710938,241.68451217113508,237.5200379764385,241.62680800038572,23213300
2021-06-02,237.8470458984375,239.7417445032834,236.4428474366505,238.64532119633685,19406700
2021-06-03,236.31781005859375,236.9237185044888,233.7113925974972,235.84653488909666,25307700
2021-06-04,241.20362854003906,242.0307559108141,238.04900663185686,238.28945046434345,25281100
2021-06-07,244.10821533203125,244.3775112737466,240.26111367835148,240.4246137375695,23079200
2021-06-08,242.91558837890625,246.22409767473246,242.85786953493397,245.40658282034158,22455000
2021-06-09,243.8966064453125,245.76245296444787,243.531141793228,244.10819819545324,17937600
2021-06-10,247.40708923339844,247.61868099093334,243.973558759814,244.56985479894277,24563600
2021-06-11,248.03224182128906,248.609283510247,246.80114128203925,248.12839586874716,18999700
2021-06-14,249.95582580566406,250.01352998227475,246.98391395493297,248.04187277788913,19150500
2021-06-15,248.48426818847656,250.05196672313224,247.83026798722594,249.84037496966238,18038900
2021-06-16,247.54171752929688,250.6193807060856,244.69485634370264,249.48449295997696,27220000
2021-06-17,250.92713928222656,251.74465405768584,246.22407390163147,246.2817780645063,27565500
2021-06-18,249.51336669921875,252.27365719884,248.85936651938206,249.70573350554895,37202200
2021-06-21,252.59107971191406,253.44704456117242,248.0611257654755,249.8884931676624,26696100
2021-06-22,255.36090087890625,255.63019671671424,252.36976523474544,252.67754029253888,24694100
2021-06-23,255.1301727294922,256.6305401403005,254.3222848429845,255.82265225379285,19518700
2021-06-24,256.495849609375,257.61151244689773,255.32248260362277,255.9861098893135,21446900
2021-06-25,254.88963317871094,257.03440227482747,254.63959160480792,256.053402213252,25611100
2021-06-28,258.4482421875,258.6213546854569,255.74565612665353,256.01495201827004,19590000
2021-06-29,261.0258483886719,261.2662922485271,257.7365928224437,258.5925577009788,19937800
2021-06-30,260.5449523925781,260.98736086236244,259.29465610147,260.34298777501124,21656500
2021-07-01,261.2181396484375,261.4489562947867,259.2945893260647,259.30418711896345,16725300
2021-07-02,267.0368957519531,267.3735229640247,262.0837590204918,262.3915341487316,26458000
2021-07-06,267.04656982421875,268.69119759373734,263.81498911192836,267.4024220376937,31565600
2021-07-07,269.2297668457031,269.960725504487,266.5560325451121,268.7200270839339,23260000
2021-07-08,266.81573486328125,268.0756582442465,264.36319007014714,266.31559288844903,24618600
2021-07-09,267.3157958984375,267.42157707974224,264.79594962280595,265.1806538246266,23916700
2021-07-12,266.7195739746094,269.075906208845,266.00784018519494,268.48923727475227,18931700
2021-07-13,270.2396545410156,272.03816979015454,266.7868844783001,266.9118906217508,26120100
2021-07-14,271.7110900878906,272.81712557126133,269.8259897786008,271.5572025513539,23113700
2021-07-15,270.2877502441406,271.7111884591669,269.1336079777888,271.22067359330885,22604200
2021-07-16,270.0184020996094,273.2403550652202,268.77770380577266,271.28795247697474,26186800
2021-07-19,266.4214172363281,269.6529685438566,263.9592745207665,268.2680095974711,32935600
2021-07-20,268.64312744140625,270.2300510737556,265.7000968938325,267.4024288847443,26259700
2021-07-21,270.6435546875,270.75896302355244,266.69067242244347,268.23911651623393,24364300
2021-07-22,275.2024230957031,275.4717190297968,272.5863928711976,272.9903220968104,23384100
2021-07-23,278.597412109375,278.9051578411828,275.54857206249494,276.38531172128154,22768100
2021-07-26,278.0011291503906,278.6166794096968,275.68327658614254,277.9530521274675,23176100
2021-07-27,275.5870056152344,278.51078036468766,272.13423702646736,278.36651999070847,33604100
2021-07-28,275.2793273925781,279.0590972753007,272.98067033830415,277.943434405772,33566900
2021-07-29,275.54864501953125,277.5876041189694,275.1446864474467,275.29857402961915,18168300
2021-07-30,274.0194396972656,275.7025466900229,273.0576642728328,274.26951069995624,20944800
2021-08-02,273.932861328125,275.8083056438092,272.89412751695914,275.41397422948273,16267400
2021-08-03,276.1449279785156,276.2507385273349,273.1441936458983,274.50992752859145,17879000
2021-08-04,275.55816650390625,276.59687059646416,273.7692497292783,275.2792435337297,16191300
2021-08-05,278.4531555175781,278.55896605599236,275.1639006499143,275.9140841592982,13900200
2021-08-06,278.3954162597656,278.43389548261604,276.62575357226086,277.48174751216084,16589300
2021-08-09,277.30865478515625,280.40557237439197,276.8085422037399,278.67438860321397,16117600
2021-08-10,275.4909362792969,278.1935226909762,274.2983442260447,277.7607120388484,18616600
2021-08-11,275.9814453125,277.62607292416914,274.9330843638876,276.23148694196493,13955900
2021-08-12,278.732177734375,278.88606534888424,275.39481530680047,275.6737384425398,14561300
2021-08-13,281.65594482421875,281.7040218560263,278.24162438521927,278.41476627205253,18249000
2021-08-16,283.3390197753906,283.55061152329273,278.93407230117066,281.98291302988906,22507600
2021-08-17,281.8771057128906,282.2137329544662,279.9535550193779,281.21350772659866,20075300
2021-08-18,280.1522521972656,284.09344038644264,279.7089674078397,281.4145875343293,21813000
2021-08-19,285.9725646972656,286.64710826155743,278.1383843346347,278.1865534146901,29850500
2021-08-20,293.2862854003906,294.71244831740665,287.21551359465093,288.81512041303324,40817600
2021-08-23,293.5657958984375,294.2885083597371,290.8676811391506,292.21673851879405,22830200
2021-08-24,291.6096496582031,294.5294067686128,291.0122120736746,293.92232360780326,18175800
2021-08-25,291.0218200683594,293.5079376265004,289.48967340701506,293.2284806156416,20006100
2021-08-26,288.2081604003906,291.42663715345464,288.0732693330389,290.0390265356093,17666100
2021-08-27,288.815185546875,289.92333882072455,286.0303192932978,288.11173480081567,22605700
2021-08-30,292.5443115234375,293.1513945858638,290.10636310625455,290.1641777400818,16348100
2021-08-31,290.8965148925781,293.42118508039425,290.53033596630166,293.3441087098698,26285300
2021-09-01,290.848388671875,294.08615577563324,290.5207625531025,291.85055818104365,18983800
2021-09-02,290.193115234375,292.3226995544428,289.2584060139798,291.20493024605145,16285600
2021-09-03,290.18353271484375,291.5904047928127,289.3355453558773,290.03896669123856,14747900
2021-09-07,289.2584228515625,290.13531748316177,287.3504808113143,290.05824109463697,17180400
2021-09-08,289.2873229980469,289.67276374560055,286.6470229996981,288.8729749296078,15046800
2021-09-09,286.43499755859375,291.1470962428215,286.1940934395369,289.87511543646343,19927000
2021-09-10,284.95111083984375,289.00795867195626,284.63313024045095,287.562533496579,19633400
2021-09-13,286.1844787597656,287.6781021035082,283.38035098235275,286.7241016921292,23652900
2021-09-14,288.8826904296875,290.42448320033697,287.2541756753906,288.66104797775466,21853400
2021-09-15,293.7296142578125,294.21142254991946,290.83876450517084,292.2263747390184,28356300
2021-09-16,294.1150817871094,294.20180375871473,289.81735966426726,292.70820968009997,19550800
2021-09-17,288.9596862792969,293.4212355512948,288.6320601855472,293.103255033234,41372500
2021-09-20,283.59234619140625,287.8515443910694,278.98626014030367,285.5484866618961,38278700
2021-09-21,284.0741271972656,286.7144563554884,283.37070598587525,284.93175998192237,22364100
2021-09-22,287.7165832519531,289.29692832647936,283.79468669698116,285.9339163666204,26626300
2021-09-23,288.6609802246094,289.9522229123692,286.70483974436394,287.9768206871402,18604600
2021-09-24,288.4586181640625,288.8922279642704,286.1266531897196,287.3793723405542,14999000
2021-09-27,283.46710205078125,285.68340842010866,282.2818430717225,285.3654278881508,23571700
2021-09-28,273.2044677734375,280.2003311372439,272.462493849823,279.25597662854295,43186200
2021-09-29,273.6671142578125,276.3363216518175,272.7131432346265,274.7270983987107,26353700
2021-09-30,271.6627502441406,277.35769732785985,271.37364767786374,275.31483525135485,32343600
2021-10-01,278.58154296875,279.42953021502547,271.05570026891905,271.8554890446492,30086300
2021-10-04,272.8094482421875,277.2806428364156,270.05351921774275,276.94337118609593,31350700
2021-10-05,278.25396728515625,279.8342833790181,273.71531146174215,273.71531146174215,24993000
2021-10-06,282.4455871582031,282.9466865037661,275.1221260888592,275.3822919286594,28002600
2021-10-07,284.12237548828125,285.84725752796135,283.2262190604028,284.44035604398937,20430500
2021-10-08,284.12237548828125,285.84725752796135,283.0720368673409,285.4425255952682,17685700
2021-10-11,283.52490234375,287.1288187573514,282.0987392920623,282.26256704142725,19298600
2021-10-12,282.2240295410156,284.69088564097564,281.7133139283031,284.5945181012245,17974100
2021-10-13,285.52923583984375,286.4639451294158,282.81182993730505,284.1801784650092,23416300
2021-10-14,291.73492431640625,292.2359943595076,286.99391772689086,288.32371333397117,27262900
2021-10-15,293.1417541503906,293.37304209699454,289.58600707147593,291.3397960809564,25384800
2021-10-18,296.1097717285156,296.9962825877865,291.6771292104213,292.52511657650416,22729300
2021-10-19,297.0155944824219,298.04664203126316,296.0423321773978,297.1312237845537,17682100
2021-10-20,296.22540283203125,298.4320932312607,294.97268352184886,297.9599010679799,16537100
2021-10-21,299.45343017578125,299.703950433072,295.2134946556288,295.994050963795,16918100
2021-10-22,297.9117431640625,299.7715163414631,296.60120915737616,299.10661846440314,17449300
2021-10-25,296.919189453125,298.1429719558944,295.3099367822359,298.1044190576334,17554500
2021-10-26,298.8271484375,301.03383882381803,297.3721072772416,299.6847813807239,28107300
2021-10-27,311.4119567871094,314.2353460702273,304.50281355306396,304.50281355306396,52588700
2021-10-28,312.5489807128906,313.05005064705665,309.6677477215304,312.5296895645361,26297900
2021-10-29,319.554443359375,319.9206222707464,312.1153240989585,312.3369664419561,34766000
2021-11-01,317.3863830566406,319.429245467658,314.4955333639382,319.30397060914856,27073200
2021-11-02,321.0095520019531,321.31791632302634,317.99342781479373,318.29214656107087,26487100
2021-11-03,321.8479309082031,322.71517993039924,318.61980955207633,321.75156337079386,21500100
2021-11-04,324.19903564453125,324.2954031456698,317.5211824576076,320.7782099083563,23992200
2021-11-05,323.8330078125,326.46369184358485,322.25269180428967,326.1938803589028,22570100
2021-11-08,324.7291259765625,325.36511641707693,322.2719155808302,325.0278447491498,20897000
2021-11-09,323.72698974609375,326.39619698658385,322.3586413143152,324.8447590588509,21307400
2021-11-10,318.76434326171875,322.4550111195703,317.916385399046,322.39719647909817,25500900
2021-11-11,320.3349914550781,321.62623389681136,318.4848644428664,319.197931165569,16849800
2021-11-12,324.4690246582031,324.96047859803025,321.6456347130858,321.7709095924338,23831000
2021-11-15,323.8425598144531,325.5867030877546,321.8767741899314,325.2590770515406,16723000
2021-11-16,327.1574401855469,328.27523883002146,323.3029742696654,323.4667726030353,20886800
2021-11-17,327.37945556640625,330.34317737832805,326.2982353582756,327.2056943460369,19053400
2021-11-18,329.4551086425781,330.5942790410435,325.44878891319365,326.472089004235,22463500
2021-11-19,331.23126220703125,333.15238695894493,330.3527930102553,330.7775622395502,21963400
2021-11-22,328.06488037109375,337.5642399354129,327.7945753077866,332.6890561129603,31031100
2021-11-23,325.98931884765625,327.6980592938018,322.01196030987296,325.38112509299714,30427600
2021-11-24,326.2114562988281,326.45280122259743,322.34993751851977,324.6378826820844,21661300
2021-11-26,318.2662353515625,326.23061444639154,316.76024602505964,322.77456957173445,24217200
2021-11-29,324.9757080078125,327.29261293135295,323.1511265991085,323.34421428483876,28563500
2021-11-30,319.1448059082031,326.0858868817991,317.6001928133879,323.71106155688426,42885600
2021-12-01,318.65240478515625,327.5339066425295,317.98632013384116,323.52758820834913,33337600
2021-12-02,318.0829162597656,321.94443467534484,316.4514223722996,318.8648713820366,30766000
2021-12-03,311.82720947265625,321.1817382170732,307.01960945389317,320.4962976310111,41779300
2021-12-06,314.897216796875,316.11360468541386,308.1781821185273,312.73477562707376,30032600
2021-12-07,323.3249206542969,324.1744298816056,318.67178431375265,320.15847701837134,31021900
2021-12-08,323.3731689453125,323.8848188965732,319.34752350913357,323.70139443658877,24761000
2021-12-09,321.56793212890625,324.84055346464856,320.62184956942644,322.832576975175,22214200
2021-12-10,330.68109130859375,331.1251576149035,323.1994004295398,323.38282488539363,38095700
2021-12-13,327.64971923828125,331.88774838642314,327.34079080039083,328.8854035288056,28899400
2021-12-14,316.97271728515625,323.05462611476247,312.8891511907512,321.68377419361184,44438700
2021-12-15,323.0643005371094,323.5856138077835,313.26570278294963,317.2333990836734,35381100
2021-12-16,313.65179443359375,325.10121065165634,311.83687625533753,324.0875444975225,35034800
2021-12-17,312.5898742675781,313.67112406852533,306.2666502470529,309.7709825901244,47750300
2021-12-20,308.8345642089844,311.6244956878622,306.5755796789902,308.96970202135424,28326500
2021-12-21,315.9590759277344,316.38384527957237,308.7283631846601,312.09755779178596,24740600
2021-12-22,321.6643981933594,322.06017778513547,314.47231054235743,316.9340160008676,24831500
2021-12-23,323.10284423828125,324.74400105600773,321.2107088019103,321.23000578456225,19617800
2021-12-27,330.5942077636719,330.62316796902155,323.817225101408,323.8461853067577,19947000
2021-12-28,329.4356994628906,331.9070682140661,328.5379037481907,331.26991431494497,15661500
2021-12-29,330.11151123046875,332.38012934520907,327.9200810470128,329.4839910257525,15042000
2021-12-30,327.57257080078125,331.25066424671456,327.0898810628788,330.0729001077908,15994500
2021-12-31,324.6764221191406,327.6111544209489,324.2226926014007,326.7906054612649,18000800
2022-01-03,323.1607971191406,326.29828058631676,318.3628596847403,323.7400307283668,28865100
2022-01-04,317.61956787109375,323.59527025765954,314.82960654307294,323.2380550401067,32674300
2022-01-05,305.42681884765625,314.7813500273399,305.04067287927575,314.5785990885747,40054300
2022-01-06,303.01336669921875,307.6665036436116,300.7060952138819,302.3086289546871,39646100
2022-01-07,303.1676940917969,305.5425186893923,299.35443444380263,303.27387166315657,32720000
2022-01-10,303.38983154296875,303.824264140596,294.14150808241357,298.77531830555176,44289500
2022-01-11,304.0752258300781,305.64876956592934,299.1614480285225,302.53061283786786,29386800
2022-01-12,307.2513427734375,312.2134078663537,306.10253873709456,308.60289772987363,34372200
2022-01-13,294.2476501464844,309.7709684945666,293.4753583562799,309.37515937724777,45366000
2022-01-14,299.4607238769531,300.0592544355826,293.2340145006697,293.7167042364733,39846400
2022-01-18,292.17205810546875,299.0745146536486,291.2935593504582,293.54290976278105,42333200
2022-01-19,292.82855224609375,303.04228390568943,292.2203879053098,295.6860967924291,45933900
2022-01-20,291.158447265625,300.86049892883005,290.71438096885566,298.36983291707537,35380700
2022-01-21,285.78125,293.58150224513423,285.37577770702404,292.2106800557735,57984400
2022-01-24,286.1095275878906,286.8238990150419,266.4930083993814,282.08391143196826,85731500
2022-01-25,278.5023498535156,284.77731721920185,275.2973119894379,281.42744884707827,72848600
2022-01-26,286.437744140625,297.8195767322565,282.8851546395586,297.32722375809846,90428900
2022-01-27,289.4593505859375,296.66107253209896,287.615472429576,292.1817275159188,53481300
2022-01-28,297.587890625,297.80027529096344,284.2560022424525,289.8358945088993,49743700
2022-01-31,300.2137145996094,301.5652399492526,295.76329997634053,298.25399547736595,46444500
2022-02-01,298.0705871582031,299.875842129487,294.5662548205134,299.66345745868625,40950400
2022-02-02,302.6077880859375,304.2103212643303,298.1863638408111,298.91039831810093,36636000
2022-02-03,290.82061767578125,300.4551171262544,289.57526968626684,298.77533651263883,43730000
2022-02-04,295.3481750488281,298.1091459827031,289.58485887080843,289.81654049853466,35096500
2022-02-07,290.5309753417969,297.1824248464775,289.5173091795903,295.57025756283554,28533300
2022-02-08,294.01605224609375,294.9814319893397,289.56566577103484,290.8206476528339,32421200
2022-02-09,300.435791015625,301.130865538338,296.74806316280615,299.1421858268908,31284700
2022-02-10,291.91143798828125,298.41808594638906,290.2896076096914,293.51397138416485,45386200
2022-02-11,284.8255615234375,293.755321446796,284.03394330282464,292.6933981582962,39175600
2022-02-14,284.7869873046875,286.48606485987114,281.26335759126283,283.5995597685924,36359500
2022-02-15,290.06756591796875,290.3861281751453,286.7369950149994,289.62349961792046,27058300
2022-02-16,289.7289733886719,291.05427315111,284.09884067695083,288.6358343081328,29982100
2022-02-17,281.2451477050781,287.1170957635478,280.53895281663284,286.69144809406896,32461600
2022-02-18,278.5364074707031,284.2729368294198,276.96926395825363,283.489365073195,34264000
2022-02-22,278.3333435058594,282.02872584374245,275.2183925047165,275.702080365006,41736100
2022-02-23,271.12640380859375,282.18353159730316,270.9619664555194,280.71310149282795,37811200
2022-02-24,284.9791564941406,285.530567636646,262.66179572392394,263.6195175824751,56989700
2022-02-25,287.6104431152344,287.92001039879176,282.135093565402,285.5112545529005,32546700
2022-02-28,289.042236328125,289.38082377748896,283.44112193232166,284.7083819245961,34627500
2022-03-01,285.327392578125,290.1836065695197,282.6187236828731,286.73006922709993,31217800
2022-03-02,290.3964538574219,291.634693317186,284.1181963061909,285.72401365770156,31873000
2022-03-03,286.2657470703125,293.24051557735214,284.45673023777056,293.0083549237446,27314500
2022-03-04,280.4035339355469,286.01433126307614,277.80132020565253,284.68903114664965,32356500
2022-03-07,269.81072998046875,280.2390376841762,269.4431225318955,279.1168784545169,43157200
2022-03-08,266.8505554199219,274.69595707889357,261.1914024621827,268.736920057862,48159500
2022-03-09,279.08782958984375,280.1519485359989,271.6196896067693,274.1929119594873,35204500
2022-03-10,276.2728271484375,277.24988606847967,271.4262653649747,273.7866644734184,30628000
2022-03-11,270.9328308105469,280.0648567948498,270.31369639441266,278.56540723687374,27209300
2022-03-14,267.42132568359375,276.08900319722903,266.8215575071672,271.19408479495587,30660700
2022-03-15,277.78192138671875,278.4300760838003,269.6366346705724,271.2037785530538,34245100
2022-03-16,284.7857360839844,284.9598566183486,273.960800034903,279.67796423359994,37826300
2022-03-17,285.5886535644531,285.96591473369335,279.92949985014275,283.7216255602985,30816600
2022-03-18,290.628662109375,291.1800733202025,283.17988724924487,285.7337436372442,43390600
2022-03-21,289.4000244140625,290.34806292154207,285.278995817043,289.1388436873888,28351200
2022-03-22,294.1402282714844,295.04956371485423,289.02280298221535,290.01919868863627,27599700
2022-03-23,289.7193603515625,293.33736581180995,288.0071158639621,290.70610253252346,25715400
2022-03-24,294.1789245605469,294.2756680245102,288.58749479820733,289.380749871962,24484500
2022-03-25,293.7725830078125,295.5332134926127,289.5258199394837,295.27203273707045,22566500
2022-03-28,300.5636291503906,300.6603430987499,294.4014214022609,294.4014214022609,29578200
2022-03-29,305.1199645996094,305.51659216822173,298.967439967182,303.66890108993795,30393400
2022-03-30,303.6205139160156,305.6423550476428,301.41489856711223,303.52379996649006,28163600
2022-03-31,298.2516174316406,304.85881038763455,297.8453361457931,303.6592443734039,33422100
2022-04-01,299.3254089355469,300.0122374321194,295.5719864101128,299.2770224362612,27110500
2022-04-04,304.6943054199219,304.8297226576166,299.60590012472653,299.97350759012323,24289600
2022-04-05,300.73773193359375,304.59755113932056,299.7606731283504,303.04974427141804,23156700
2022-04-06,289.7289733886719,296.9842899176036,287.0299873737609,295.23334255704475,40110400
2022-04-07,291.53802490234375,293.7436404303179,286.6818092677771,286.9816933883639,31411200
2022-04-08,287.28155517578125,291.2961583197062,286.61406359876185,290.63834994645777,24361900
2022-04-11,275.9535827636719,283.06377005501855,275.70205565183903,282.27054447193905,34569300
2022-04-12,272.85791015625,281.2547217643662,271.33912365293753,279.80365862610836,30966700
2022-04-13,278.236572265625,279.16524459856345,272.122751236361,273.5061208154424,21907200
2022-04-14,270.70074462890625,278.9041016621508,270.2074030686159,278.691277815096,28221600
2022-04-18,271.3681945800781,273.2449056189471,269.25932284261444,269.81073402373755,20778000
2022-04-19,275.9922790527344,276.8339207213191,269.3270757429713,270.2654313652648,22297700
2022-04-20,277.0177001953125,280.2487611166092,276.0600076685243,279.9585306840921,22906700
2022-04-21,271.64874267578125,283.73125459736195,270.9232109682988,279.1652405373938,29454600
2022-04-22,265.08990478515625,273.960751032886,264.46111662000084,272.4903213915854,29405800
2022-04-25,271.5616149902344,271.9388760330394,261.9362182519749,264.374023077913,35678900
2022-04-26,261.404296875,269.2787207469881,261.1914730124075,268.4467917071966,46518400
2022-04-27,273.9801330566406,281.4772943518781,270.05259027534413,272.89667705103636,63477700
2022-04-28,280.1810302734375,281.4869933800965,272.27755777079875,275.8858797797823,33646600
2022-04-29,268.46612548828125,280.4229059103156,267.4794127851195,279.19431973149324,37073900
2022-05-02,275.1893310546875,275.64399875590436,267.2084825593842,268.64986271938767,35151100
2022-05-03,272.5871276855469,274.8604665193033,271.0103005471974,274.6959996581533,25978600
2022-05-04,280.5196228027344,281.3902550491014,267.7018944721031,273.37070203873003,33599300
2022-05-05,268.3016357421875,277.00801637510676,265.38982566126134,276.2244444799009,43260400
2022-05-06,265.76715087890625,270.13967864846,262.4200095223799,265.8445279493737,37780300
2022-05-09,255.94821166992188,263.47439231628505,254.72933854404118,261.24944034580705,47726000
2022-05-10,260.707763671875,264.8191105943443,256.4222962003139,262.82631891838696,39336400
2022-05-11,252.0497589111328,262.50708919755175,250.84053913220401,257.0124016073714,48975900
2022-05-12,247.01937866210938,251.4015891851371,241.86326466522425,249.28303414533278,51033800
2022-05-13,252.60110473632812,254.45847882495977,247.0193583116015,248.95410945636132,34925100
2022-05-16,252.9687042236328,257.1477736501881,247.43531494271934,251.47893762285955,32550900
2022-05-17,258.1151428222656,259.57585977965135,253.89737021197146,257.4282849486114,28828800
2022-05-18,246.36325073242188,255.59411968175985,245.09303956011053,255.01233656992056,31356000
2022-05-19,245.45181274414062,249.84424444235316,244.23008588747544,246.18872524247453,32692300
2022-05-20,244.889404296875,250.68779415388676,238.95528181890765,249.42725918111856,39199300
2022-05-23,252.7337188720703,253.55790919869958,245.73299835989616,247.73044594268052,33175400
2022-05-24,251.73504638671875,253.39310349464947,245.8009223450929,250.05760735374935,29043900
2022-05-25,254.5469207763672,256.5443535711688,249.32063736572647,250.29997184139762,28547900
2022-05-26,257.8242492675781,258.9974916357113,253.49000806634814,254.3044925724609,25002100
2022-05-27,264.9413757324219,265.03834453491794,259.4338910030426,260.32596255899296,26910800
2022-05-31,263.61297607421875,266.4248936649032,260.7622650462861,264.2529346305631,37827700
2022-06-01,264.1462707519531,269.2562034890883,261.8385496478532,266.84183742859545,25292200
2022-06-02,266.2406921386719,266.3085732639041,253.65492786980764,256.4183761716005,44008200
2022-06-03,261.81915283203125,265.14500204030634,260.25806469793486,262.1003534639654,28059000
2022-06-06,260.5877380371094,265.85281527967646,259.10420716791305,263.79720697367605,22400300
2022-06-07,264.2238464355469,264.83471731044557,257.8630839124664,258.54183590473656,22860700
2022-06-08,262.1973876953125,264.70872331433014,261.4216667223713,263.45789358908894,17372300
2022-06-09,256.74798583984375,264.4274283960142,256.59284170053377,259.64716611698157,26439700
2022-06-10,245.30638122558594,252.66584504493977,244.86034549346968,252.66584504493977,31422800
2022-06-13,234.90225219726562,241.45695191998857,234.1944273628666,237.66570001230667,46135800
2022-06-14,237.06454467773438,238.27658064725975,234.17504027372604,236.4536738145781,28651500
2022-06-15,244.11375427246094,247.5462486914025,238.93593975750122,240.76853769461,33111700
2022-06-16,237.5299530029297,239.90554045067185,235.6391799239251,238.5092727014499,33169200
2022-06-17,240.12852478027344,242.8919722994284,236.61847386718773,237.26812327514037,43084800
2022-06-21,246.03358459472656,247.01290422725697,241.9320446589224,242.6592661630262,29928300
2022-06-22,245.44215393066406,249.35946274446104,242.76596885312543,244.23980883819294,25939900
2022-06-23,250.99803161621094,251.49255164449212,245.92689325056259,247.80797500007398,25861400
2022-06-24,259.56964111328125,259.84113599314713,253.77125024741073,253.85851328836165,33923200
2022-06-27,256.8449401855469,260.1513477506031,255.2838227151279,260.0640847254071,24615100
2022-06-28,248.6903839111328,258.8036043245108,248.53523976557486,255.9625992863611,27295500
2022-06-29,252.35557556152344,254.0136323572645,247.9922316052621,249.76665390613857,20069800
2022-06-30,249.0297393798828,251.64774884681984,245.21910548593416,249.24305888897192,31730900
2022-07-01,251.69622802734375,251.88045986451053,246.877186557772,248.60313941391496,22837700
2022-07-05,254.86688232421875,254.9929387761874,247.00319382046504,248.3800646510583,22941000
2022-07-06,258.1248474121094,259.8507853109402,254.430564439945,255.73956910040374,23824400
2022-07-07,260.2484130859375,260.88837176552346,256.971062389298,257.06803120573136,20859900
2022-07-08,259.53076171875,259.9574006159101,255.29349000854472,256.7479327241234,19658800
2022-07-11,256.47650146484375,258.4351408209991,254.2172499828831,257.5818628153171,19455200
2022-07-12,245.96572875976562,257.8630779320997,244.38522912726302,257.80490257305115,35868500
2022-07-13,245.04457092285156,245.84936453464945,240.57458193875394,242.59141144867633,29497400
2022-07-14,246.36325073242188,247.39105474069336,238.47047406309875,242.95985947563167,25102800
2022-07-15,248.923095703125,252.46223474835,247.03232258587656,247.95346694603754,29774100
2022-07-18,246.52809143066406,252.91794086907208,245.60694714545224,251.8610491607276,20975000
2022-07-19,251.64772033691406,251.83195214619707,245.97538686166658,249.75693264825895,25012600
2022-07-20,254.30445861816406,256.82549866184206,251.04652102870725,252.00644378440188,22788300
2022-07-21,256.7965087890625,256.8450079874524,249.2237096105759,251.8998947859146,22404700
2022-07-22,252.4525604248047,257.2716171311826,251.2017604777432,257.1843540830661,21881300
2022-07-25,250.968994140625,253.55791590032757,249.01035473546938,253.07310152958124,21056000
2022-07-26,244.24948120117188,251.98712943704783,241.9902591873935,251.9677179235894,39348000
2022-07-27,260.5780334472656,261.8482448041291,250.98842003172433,253.22826018562694,45994000
2022-07-28,268.01507568359375,269.40163763919867,259.734438202384,261.55734491443076,33459300
2022-07-29,272.2135314941406,273.4352730341739,268.22837203750606,269.26588177100365,32152800
2022-08-01,269.56646728515625,272.7371422807074,267.46236011948673,269.38223547656554,21539600
2022-08-02,266.473388671875,269.45015613104664,264.10749207919315,267.61754353157727,22754200
2022-08-03,273.8910217285156,274.8897381119249,268.20898212498906,268.3544501034442,23518900
2022-08-04,275.03515625,275.18059462702735,271.6608675400947,273.24133735808226,18098700
2022-08-05,274.3176574707031,275.03517323549517,270.2161174409248,270.67184411090017,16774600
2022-08-08,271.8063659667969,277.2362934376105,270.836737118106,275.42306263435034,18739200
2022-08-09,273.7262268066406,274.4825361654894,269.1786648955096,271.1470399708498,23405200
2022-08-10,280.3777770996094,281.0080296985738,278.2252006729384,279.4178543656592,24687800
2022-08-11,278.3028564453125,282.3656036148159,277.80836586315127,282.0165514391727,20065900
2022-08-12,283.0443420410156,283.0443420410156,278.2252857983071,279.71852241187486,22619700
2022-08-15,284.55694580078125,285.24537391664086,281.2989778667921,282.16196164375015,18085700
2022-08-16,283.82000732421875,285.1096300607174,281.59957891566967,283.12187347946144,18102900
2022-08-17,283.07177734375,285.0443001640645,281.27415101307326,281.53649574752995,18253400
2022-08-18,281.9544372558594,283.645163191212,280.8952723028826,281.9738603210982,17186200
2022-08-19,278.0482177734375,281.06045328122894,277.47492602525494,280.72035691439993,20570000
2022-08-22,269.8860168457031,274.46265350884744,269.3710240123007,274.0934077691384,25061100
2022-08-23,268.6131286621094,270.96459435110165,267.6025659844231,268.6131286621094,17527400
2022-08-24,267.9815673828125,269.38079904214317,267.3207976827984,267.61232157638716,18137000
2022-08-25,270.9548645019531,271.12003464855854,266.7474441390709,269.4778816182688,16583400
2022-08-26,260.4994812011719,272.40264315538514,260.39260989894825,271.1783084366811,27549300
2022-08-29,257.7204895019531,259.8290331608574,256.3795570313367,258.32293054735436,20338500
2022-08-30,255.52450561523438,259.48897512489526,253.2799112455645,259.1197590113756,22767100
2022-08-31,254.06698608398438,259.54728502076154,253.93093567831625,257.8760119467737,24791800
2022-09-01,253.0272674560547,253.50341421016233,248.17855922552292,251.54058765801105,23263400
2022-09-02,248.81011962890625,257.24435393582866,247.26514117537187,254.29044741444957,22855400
2022-09-06,246.07969665527344,250.53000941495102,244.80678924426493,248.94618474623337,21328200
2022-09-07,250.78268432617188,251.50172318852577,246.05057356840078,247.48866611987495,24126700
2022-09-08,251.2004852294922,253.05641075595742,247.57609726538706,250.21910163068787,20319900
2022-09-09,256.9723205566406,257.7205384807604,252.92040261166707,253.12444856663964,22084700
2022-09-12,259.10028076171875,259.8776479982531,257.65247691062,258.25491798547915,18747700
2022-09-13,244.85536193847656,253.02723665375865,244.46667832262642,251.51140761885284,33353300
2022-09-14,245.07887268066406,247.03195802459214,242.78569098884205,246.35178015556986,23913000
2022-09-15,238.4325408935547,244.28208546979903,237.11104609083932,242.69824587426376,31530900
2022-09-16,237.8106231689453,238.35476538269543,235.20649494015973,237.3442028485052,39791800
2022-09-19,237.59686279296875,238.19930387024996,234.03077398157757,235.60490186828736,26826900
2022-09-20,235.58547973632812,236.6154654509246,232.85504199150714,235.21624880625103,26660300
2022-09-21,232.18455505371094,240.64795350193162,232.13596774895265,237.35393588330672,28625600
2022-09-22,234.15707397460938,236.9555366202575,230.8436333531247,231.13512752307682,31061200
2022-09-23,231.1837615966797,234.3028832870533,228.54077185815763,232.7578897399294,34176000
2022-09-26,230.72706604003906,234.6138138859922,230.19263524586722,230.3383971861503,27694200
2022-09-27,229.71649169921875,234.95388322610455,227.86056625784224,233.18540604277874,27018700
2022-09-28,234.24459838867188,235.46891870334613,228.08409137775033,230.10520217030043,29029700
2022-09-29,230.77565002441406,233.15628008036532,227.77314091515188,232.1262942883284,27484200
2022-09-30,226.30589294433594,233.72958091891374,226.14070793604793,231.54328520200156,35694800
2022-10-03,233.9239044189453,234.76926725849918,228.01604641968547,228.7448115784085,28880400
2022-10-04,241.8334197998047,243.27151213771026,238.04383231681499,238.15071845977334,34888400
2022-10-05,242.1443634033203,243.4852960194291,237.18876929584698,239.02525687467363,20347100
2022-10-06,239.8026123046875,243.25210389130189,239.11272288342423,240.9103348181627,20239900
2022-10-07,227.6079559326172,234.4875013005094,226.56824378188696,234.0793797349826,37769600
2022-10-10,222.75918579101562,227.91884002309686,220.3105310476207,226.45159837907644,29743600
2022-10-11,219.02793884277344,222.5745899538486,217.76474295842993,221.17535850206903,30474000
2022-10-12,219.35830688476562,221.40856673598395,217.6189939430992,219.01821055578878,21903900
2022-10-13,227.6079559326172,229.41529424813774,212.92576556200996,213.62538135038992,42551800
2022-10-14,222.08876037597656,230.5230105633838,221.87498806713398,228.87113093564267,30198600
2022-10-17,230.80477905273438,232.1942989747583,228.4824480465505,229.14320282236488,28142300
2022-10-18,231.747314453125,237.02356694835538,228.7059298585046,236.3531154742312,26329600
2022-10-19,229.78451538085938,232.82590014122383,227.65651868442322,230.32865767594038,19985700
2022-10-20,229.46383666992188,234.47774422080448,228.22007872615066,229.09460576042883,21811000
2022-10-21,235.2648162841797,236.11990546004,227.86056720320732,228.09377738574145,26299700
2022-10-24,240.2495880126953,240.8228797300147,234.4680538752151,236.85839536600284,24911200
2022-10-25,243.56301879882812,243.9322497035884,238.8697697379953,240.2592747562869,34775500
2022-10-26,224.77061462402344,231.55298484742156,223.5462796746697,224.62485269698536,82543200
2022-10-27,220.32997131347656,227.07347975374336,219.38743397662293,224.49850096140887,40424600
2022-10-28,229.1917724609375,229.9011145363862,219.64981530818488,219.83443818188346,40647700
2022-10-31,225.55767822265625,228.26867807032616,224.605414413329,227.14151774097857,28357300
2022-11-01,221.7097930908203,229.0654698713663,220.89357967203034,227.95774742393274,30592300
2022-11-02,213.86830139160156,224.7511921525638,213.80998772072712,222.9632917416644,38407000
2022-11-03,208.18392944335938,214.16952462545234,207.92156981485337,213.85857768399836,36633900
2022-11-04,215.1217498779297,215.31608428144708,207.38711607311453,211.39047595404304,36789100
2022-11-07,221.4182891845703,221.9430084136209,215.01487607123818,215.70478029409642,33498000
2022-11-08,222.38995361328125,225.09124173650707,219.4457437895728,222.22476863616473,28192500
2022-11-09,218.15342712402344,222.1567873542891,217.97853059362552,220.93245233444006,27852900
2022-11-10,236.10052490234375,236.44062131444397,228.34646607808108,228.76428440980067,46268000
2022-11-11,240.11351013183594,240.968599204813,235.08016512512506,236.11016552064876,34620200
2022-11-14,234.7109832763672,237.00416504738854,232.4372393956365,235.13852790216598,31123300
2022-11-15,235.1190948486328,240.00667907027895,233.2340197743407,238.7046221025726,31390100
2022-11-16,235.54782104492188,237.5648885308963,234.271326294768,236.58070947272424,24093300
2022-11-17,235.49911499023438,237.0289699496298,231.55270415826743,231.69886201554357,23123500
2022-11-18,235.0508575439453,237.50641331153858,232.9168638897255,237.2822848010197,27613500
2022-11-21,235.859619140625,238.41260836887963,235.02161288629395,235.25546541495947,26394700
2022-11-22,238.76339721679688,239.03623507377168,234.55388823165154,237.36022259889907,19665700
2022-11-23,241.24818420410156,241.93027884608753,238.0228392859944,238.84135285637757,19508500
2022-11-25,241.1605224609375,242.33956874564888,240.4199497182592,240.9851181755742,9200800
2022-11-28,235.57701110839844,240.34194933932935,234.64157132176942,239.786534753871,24778200
2022-11-29,234.18360900878906,236.58068666323004,232.11783235235237,235.22623623628454,17956300
2022-11-30,248.6148681640625,248.80001134833023,233.72565090628407,234.41749940509243,47594200
2022-12-01,248.1763916015625,249.56981269736582,244.50280391577542,247.37735568786078,26041500
2022-12-02,248.49794006347656,249.51133581657106,243.30425151606138,243.4309315609044,21528500
2022-12-05,243.80117797851562,247.32860725398484,241.71590868022093,245.56488518197608,23435300
2022-12-06,238.8511199951172,245.4187517382797,237.54539368771614,244.4053559887348,22463700
2022-12-07,238.12030029296875,239.86452986599542,236.01555299377063,238.5685424627585,20481500
2022-12-08,241.07278442382812,242.3785254696705,236.8437826963573,238.57825833331165,22611800
2022-12-09,239.1434326171875,241.9595208718469,237.91566220853431,238.44184527837177,20609700
2022-12-12,246.05209350585938,246.08132507137833,240.84866668381318,241.1215045410221,30665100
2022-12-13,250.34934997558594,257.1703267708484,246.59780679077178,254.9973477435735,42196900
2022-12-14,250.6416778564453,255.8743369804064,247.80609665366913,250.55398314754714,35410900
2022-12-15,242.6416015625,247.69887047650548,241.01431334412206,247.23115056709423,35560400
2022-12-16,238.43211364746094,243.45039767115878,237.28228413602537,242.19339565744826,86102000
2022-12-19,234.30055236816406,238.93882615281237,232.60506192023936,238.59777136210013,29696400
2022-12-20,235.61602783203125,236.69764045155708,232.32246573736623,233.2773983167744,25150800
2022-12-21,238.17877197265625,239.3383404733785,233.96926235474098,235.50885613255662,23690600
2022-12-22,232.09837341308594,235.80119266762082,227.8888488200861,235.08985146621117,28651700
2022-12-23,232.6245574951172,232.76097644811597,227.95706665386177,230.07156785961826,21207000
2022-12-27,230.89981079101562,232.8194148295831,229.7987055148439,232.59530118818017,16688600
2022-12-28,228.531982421875,233.58925250622397,228.18118869149959,230.83162690576899,17457100
2022-12-29,234.84622192382812,235.73295246137508,229.62330203859167,229.62330203859167,19770700
2022-12-30,233.68666076660156,233.8230797011239,230.60747353761346,232.1178355853205,21938500
2023-01-03,233.45281982421875,239.46502226115788,231.32856489611547,236.86330844238375,25740000
2023-01-04,223.24082946777344,226.9144019342719,220.18113479471134,226.3394946084548,50623400
2023-01-05,216.62448120117188,221.73047501122883,216.08854432449274,221.3894202164649,39585600
2023-01-06,219.1774444580078,219.98621912634763,213.74016514069575,217.29681103305526,43613600
2023-01-09,221.3114776611328,225.32612015800373,220.61964399862748,220.658614469924,27369800
2023-01-10,222.99722290039062,225.39430067277652,221.516092367223,221.93508808498302,27033900
2023-01-11,229.74024963378906,229.91563904515138,225.1994243157805,225.37481372714282,28669300
2023-01-12,232.41018676757812,233.76463742036097,227.58678421952712,229.24330435430056,27269500
2023-01-13,233.11175537109375,233.24817431543465,228.91198479686696,230.93879116175304,21333300
2023-01-17,234.203125,234.7488007848325,231.02648903057522,231.883988045912,29831300
2023-01-18,229.77919006347656,236.18117037516788,229.49661331481735,235.3918883901205,30028700
2023-01-19,225.99842834472656,229.49662609495516,224.7803968509481,227.80112090293807,28623000
2023-01-20,234.0764617919922,234.58316714373575,228.51248642941374,228.85354125374235,35389800
2023-01-23,236.3760528564453,238.89981040711766,233.52097945722034,234.9339078087108,31934000
2023-01-24,235.8498992919922,237.7110552325449,234.29082769199107,236.2981414839797,40234400
2023-01-25,234.4564666748047,237.07767305092727,224.99479068566467,228.4832349642451,66526600
2023-01-26,241.65744018554688,241.95950960681114,235.8108892133159,237.41868478326023,33454500
2023-01-27,241.81336975097656,243.44065810829167,240.51738240492458,242.62214447980068,26498900
2023-01-30,236.5027618408203,239.31885025276583,236.00579544141553,238.25671541727394,25867400
2023-01-31,241.47230529785156,241.6087242304683,236.73659825337256,237.22381085108213,26541100
2023-02-01,246.2859649658203,248.65381102324727,239.1921508241423,241.65744534727375,31259900
2023-02-02,257.8329162597656,257.92061096012765,250.6708850258921,252.20073974099043,39940400
2023-02-03,251.74276733398438,257.44316094972766,250.52473578092378,252.90233575146593,29077300
2023-02-06,250.20315551757812,251.69402492949268,248.2640588264018,250.85603350578165,22518000
2023-02-07,260.71722412109375,261.8962703770989,253.42851236094478,253.8670156294018,50841400
2023-02-08,259.9084777832031,269.681962608756,259.4017575821844,266.2130108288476,54686000
2023-02-09,256.87799072265625,266.9730522112078,256.0789548463012,266.79763305844943,42375100
2023-02-10,256.37127685546875,257.3359482905629,253.99367698119255,254.84142214986286,25818500
2023-02-13,264.381103515625,267.5772176000691,260.31773656170196,260.7952252232444,44630900
2023-02-14,265.2093505859375,267.9377295681392,262.39324715689656,265.69656324255214,37047900
2023-02-15,263.08953857421875,264.46692310846817,260.02216525434795,262.112672647368,28922400
2023-02-16,256.08538818359375,260.569199060256,255.8411717100615,257.91212263576193,29603600
2023-02-17,252.08998107910156,254.07301742221924,250.07763995501477,253.38922926241392,30000100
2023-02-21,246.82469177246094,249.57946061577636,245.7696748690076,248.59281657060217,28397400
2023-02-22,245.6915283203125,248.45606050673507,244.5485970470492,248.2118440405047,22491100
2023-02-23,248.87611389160156,250.89821842663798,244.68535109646456,249.64783134560344,29219100
2023-02-24,243.4545440673828,245.1933643431698,242.3604589246293,244.1774302685833,24990900
2023-02-27,244.37278747558594,246.97125445707402,243.62059652709382,246.61958212194187,21190000
2023-02-28,243.64990234375,245.6720220057633,242.97586245641222,243.30800820629165,22491000
2023-03-01,240.57275390625,245.12493737930367,240.10384757221487,244.95887197567075,27565300
2023-03-02,245.30079650878906,245.5840810609681,239.9280340639678,240.8462903940092,24808200
2023-03-03,249.3841094970703,249.70647705919302,245.57433813705987,246.35583390228538,30760100
2023-03-06,250.92755126953125,254.1023656002355,250.0581411721239,250.49772786752465,24109800
2023-03-07,248.2704620361328,251.72857566259853,247.52804931967242,250.37071775470054,21473200
2023-03-08,247.83087158203125,248.65143534651415,245.00772977586786,248.1630024049233,17340200
2023-03-09,246.48280334472656,253.555302700135,245.75991723521878,249.90183388794475,26653400
2023-03-10,242.83908081054688,246.94191444562173,241.8719931478548,245.2714821705408,28333900
2023-03-13,248.04579162597656,251.94349199727765,240.04525738823747,241.67662167942007,33339700
2023-03-14,254.75689697265625,255.03041826500868,249.94093975685146,250.81034991592716,33620300
2023-03-15,259.29931640625,260.3152654051746,253.21343042410643,253.96563633216905,46028000
2023-03-16,269.8103332519531,270.1619906139307,257.18921458978684,259.0745583407351,54768800
2023-03-17,272.96563720703125,276.7754083374073,269.9275985016487,271.8227207737094,69527400
2023-03-20,265.9321594238281,271.06070433302705,263.6072142951392,270.5722714845319,43466600
2023-03-21,267.4463806152344,268.6381583648071,263.2849217859486,268.52093921101067,34558700
2023-03-22,265.9908142089844,274.5383905110529,265.8833434620223,267.0751210074597,34873300
2023-03-23,271.2366027832031,274.55794104511676,268.83352089762093,271.51012405626466,36610900
2023-03-24,274.0792541503906,274.1378637154936,268.9116255422268,270.82627422927686,28172000
2023-03-27,269.9862060546875,274.9486717802247,269.1460858667074,274.0108888501196,26840200
2023-03-28,268.86279296875,269.7517444509293,265.7563369743328,269.4098354483097,21878600
2023-03-29,274.02069091796875,274.63612126718954,271.96926635776106,272.5065307325749,25087000
2023-03-30,277.478759765625,277.8792783804837,274.9682369436602,277.65461829253616,25053400
2023-03-31,281.63043212890625,282.57799326147335,276.45305469008514,277.1661775421266,32766000
2023-04-03,280.585205078125,281.60112415662576,277.3810860970175,279.89160882011697,24883300
2023-04-04,280.5363464355469,283.7307170583828,279.0612991751383,280.585207618267,25824300
2023-04-05,277.76202392578125,280.5070144974699,276.37489115464507,279.23710085498425,22064800
2023-04-06,284.8541564941406,285.32303313576494,275.50554090112394,276.65823572723315,29770300
2023-04-10,282.69525146484375,282.9003849670169,278.123496163904,282.5193929371124,23103000
2023-04-11,276.2869567871094,279.364108081122,275.1245138457469,279.1394182021938,27276600
2023-04-12,276.9317321777344,280.3703195694183,275.4371283935577,278.20167586183015,27403400
2023-04-13,283.1347961425781,283.1934057090152,276.6191175771534,277.0293845422131,24222700
2023-04-14,279.5203857421875,281.8062480666377,277.1270526810152,280.3604759948449,20987900
2023-04-17,282.1188049316406,284.8540468047271,279.5398949610126,283.2226679530425,23836200
2023-04-18,281.6988220214844,285.0104118167831,280.3702986730481,284.82480490610715,20161800
2023-04-19,281.7769470214844,282.36304264200237,277.9573982326938,279.3738357310493,17150300
2023-04-20,279.4911193847656,282.3435812467073,278.4849485884654,278.6510289270091,23244400
2023-04-21,279.149169921875,279.64735118903843,276.51162043764214,278.4165205997633,21676400
2023-04-24,275.25146484375,278.3579207345042,272.27203608801597,275.5640690535179,26611000
2023-04-25,269.04840087890625,275.08542457289633,268.9995397003019,273.04377855903545,45772200
2023-04-26,288.5368957519531,292.6397447358396,285.957985102446,289.83614418187,64599200
2023-04-27,297.77801513671875,298.13948055653924,288.419653058881,289.1229976897944,46462600
2023-04-28,300.1518249511719,301.78317430412875,296.2931927346846,296.9770107869876,36469600
2023-05-01,298.4912109375,301.46089230641047,298.09069224863475,299.8685957519132,21294100
2023-05-02,298.3446350097656,302.0274089293755,296.87933607669675,300.6402759672235,26404400
2023-05-03,297.35797119140625,301.47056824435134,297.05514515019064,299.52661466140324,22360800
2023-05-04,298.3446350097656,300.6402759672235,296.38112489974674,299.15542063563385,22519900
2023-05-05,303.4633483886719,304.75281837217517,297.23093994665044,298.64740725132,28197100
2023-05-08,301.5096740722656,303.02383420465094,299.0088995873121,302.9554464323352,21318600
2023-05-09,299.8978271484375,302.86750779057024,299.2237873018419,300.8746930349145,21340800
2023-05-10,305.08502197265625,305.7590619061941,300.55237917677385,301.48038400167883,30078000
2023-05-11,302.9359130859375,303.9225573251691,299.17500268454444,302.9261646974244,31680200
2023-05-12,301.822265625,303.4633932219653,299.50709815578426,303.36570066728314,19774700
2023-05-15,302.3009338378906,302.73075724835036,300.4741992492285,301.94927639928727,16336500
2023-05-16,304.5281982421875,306.4526254606031,302.66238059902645,302.66238059902645,26730300
2023-05-17,307.4064636230469,307.8274270875237,304.2149092490743,305.7323794637119,24315000
2023-05-18,311.8315124511719,312.3406122958503,307.1323177228801,307.9253064598199,27276000
2023-05-19,311.6553039550781,312.05669811668946,309.7266699904712,310.0888957303577,27546700
2023-05-22,314.4356384277344,315.8160338813464,311.33222095812204,311.90982815472574,24115700
2023-05-23,308.63995361328125,315.9432948088947,308.63015403990534,313.30977897111853,30797200
2023-05-24,307.25958251953125,309.8539301457172,306.0456005180939,308.1211084957931,23384900
2023-05-25,319.0761413574219,320.0355435840167,313.28044007035,316.452394965502,43301700
2023-05-26,325.8997497558594,326.3990200914225,317.07893868101803,317.2159833240213,36630600
2023-05-30,324.2550048828125,328.68987947656177,323.579491610932,328.19060914102903,29503100
2023-05-31,321.4942932128906,328.8857420420062,320.45652421282057,325.3123928059222,45950600
2023-06-01,325.59625244140625,326.5263156649062,317.9013162515011,319.08589950715634,26773900
2023-06-02,328.3570556640625,330.41296452982044,325.56689576601605,327.2312100565703,25873800
2023-06-05,328.8857421875,331.45072114916485,327.6326215544442,328.18085996410906,21307100
2023-06-06,326.6731872558594,328.32770204884184,325.19491542513276,328.2885336264792,20396200
2023-06-07,316.5895080566406,327.4662003191764,315.72798196124086,324.6858396601391,40717100
2023-06-08,318.42999267578125,319.7810193360927,316.5600964884988,317.1377037070702,23277700
2023-06-09,319.9279479980469,323.060735258271,317.59791936047037,318.16572715470977,22529000
2023-06-12,324.8816223144531,325.1263726657708,318.33210052305157,321.6802685980965,24260300
2023-06-13,327.2703857421875,329.90390189326365,323.4522862648796,327.44659882342825,22951300
2023-06-14,330.25634765625,331.9206620825264,325.82147225464075,327.3193432875882,26003800
2023-06-15,340.7904052734375,342.4938582086499,330.1192956143464,330.393414820895,38899100
2023-06-16,335.14154052734375,344.08962778195877,334.769545086919,343.94278354537636,46552000
2023-06-20,330.9514465332031,334.8968213999289,328.8074308489354,332.18499798901604,26375400
2023-06-21,326.5556945800781,330.6381434386612,325.0969920993696,329.30668603957923,25117800
2023-06-22,332.5765380859375,332.9779322220441,326.3403043071654,327.1039241601426,23556800
2023-06-23,327.9849853515625,330.8632513932906,326.44797610789226,327.3388409466085,23146900
2023-06-26,321.6998291015625,329.0521084557262,321.5921234240104,326.71231091411966,21520600
2023-06-27,327.54443359375,329.09124232008327,322.3850782283466,324.89131887148466,24354100
2023-06-28,328.7976379394531,330.88291577640626,326.80046664644476,327.6326238415943,20259500
2023-06-29,328.014404296875,329.05214338180554,325.6354380857654,327.6815474089493,16997000
2023-06-30,333.38909912109375,335.5331142814067,330.11923848147313,330.6576772264797,26832800
2023-07-03,330.8926696777344,333.7415673029559,329.5025044373006,332.067483294419,12508700
2023-07-05,331.0493469238281,334.475852129054,327.7011785685613,328.05360476311387,18172400
2023-07-06,334.10382080078125,335.7877045236946,328.4549930763807,330.2171837710964,28161200
2023-07-07,330.1388244628906,334.6128676404688,329.92344297863576,332.1947331986414,21214800
2023-07-10,324.8619689941406,328.1905971184104,320.71101328852956,327.5738215556575,32791400
2023-07-11,325.48858642578125,325.8703814238738,320.1334477409768,324.10819090994494,26698200
2023-07-12,330.1192321777344,334.475769797387,328.62136146608015,329.53182545465006,29995300
2023-07-13,335.4646301269531,336.52193851467035,331.90105061768867,332.42971974992344,20567200
2023-07-14,337.9904479980469,344.0504693091922,337.07998382815504,340.29110736020874,28352700
2023-07-17,338.4701843261719,339.70370584522345,335.01431037964596,338.42121632729265,20363900
2023-07-18,351.9411926269531,359.0781209733801,334.98491162000175,338.56803033946636,64738600
2023-07-19,347.62384033203125,354.84887620014064,345.039291901566,354.15379349891674,39732900
2023-07-20,339.58624267578125,350.4531652099648,338.1177404381011,346.1455646214541,33778400
2023-07-21,336.55126953125,342.9441468894957,332.694001980304,341.81830135851885,69405400
2023-07-24,337.8631286621094,339.63514852458513,335.1219369374352,338.5876099496475,26678100
2023-07-25,343.60992431640625,344.5008191812914,337.82402242034016,339.8211637778006,41637700
2023-07-26,330.67730712890625,337.43244099686376,326.11515681266013,334.2702555757294,58383700
2023-07-27,323.77532958984375,334.1625196341891,322.1403841798644,333.33039238314757,39635300
2023-07-28,331.2647705078125,332.87034749153986,326.17398005399303,326.66348085975017,28484900
2023-07-31,328.8661193847656,330.6087404482853,326.3598486498491,329.8451206536362,25446000
2023-08-01,329.2773132324219,331.4311281711662,326.692765182679,328.1514676458398,18311900
2023-08-02,320.6229553222656,326.6242386250664,319.5068793964864,326.6242386250664,27761300
2023-08-03,319.80059814453125,322.9529838203489,319.1055155220307,319.154453640907,18253700
2023-08-04,320.8971252441406,328.1025921516829,320.36845604431744,324.9110375542309,23741500
2023-08-07,323.17816162109375,324.15716309321493,320.64255139351025,321.47470862016405,17741500
2023-08-08,319.2033386230469,321.846653890872,316.21739682662104,320.09423332625096,22327600
2023-08-09,315.4636535644531,320.2411556284152,314.30840912670357,319.61461022525367,22373300
2023-08-10,316.14892578125,321.3670201533067,314.4356732724542,319.1740366258562,20113700
2023-08-11,314.2691955566406,315.6397913083232,312.50697541012306,313.53494463144494,24355500
2023-08-14,317.2355651855469,317.2551344544102,313.35869882486526,314.6412179157006,18836100
2023-08-15,315.10137939453125,318.2635647035866,314.16154640668196,316.21745534246327,16966300
2023-08-16,314.336181640625,318.2801192612422,313.747531106502,314.728605350037,20698900
2023-08-17,310.8827819824219,315.77833241862345,310.22544912717694,314.47351697046,21257200
2023-08-18,310.4903869628906,312.3544220351469,305.65366819423417,308.538028861624,24755000
2023-08-21,315.78814697265625,316.6612873829202,311.03975175794454,311.91289216820854,24040000
2023-08-22,316.357177734375,319.9086615433213,315.3761035356602,319.33965168167043,16084600
2023-08-23,320.8112487792969,322.96962389693414,317.33823788637403,317.69144015108157,21166400
2023-08-24,313.914306640625,326.6780913060097,313.9044863180203,326.55054687218063,23281400
2023-08-25,316.86737060546875,319.2023021602644,312.7664575046709,315.3859389138882,21684100
2023-08-28,317.5737609863281,319.9773750429431,315.6312231055439,319.4966582196224,14808500
2023-08-29,322.1945495605469,322.7537689845137,315.7881368695037,315.7881368695037,19284600
2023-08-30,322.5673828125,323.5680676815254,320.2716728612012,322.4496587032038,15222100
2023-08-31,321.556884765625,324.6472624633452,320.5954212849975,322.9696339885842,26411000
2023-09-01,322.4397888183594,325.70675210919285,320.5953648828727,325.03962896571977,14942000
2023-09-05,327.2372741699219,328.51268854222997,322.4398370951833,322.77339871686183,18553900
2023-09-06,326.5799865722656,328.13007064456224,323.9310742393436,327.0705236753987,17535800
2023-09-07,323.6661682128906,326.77615642313435,322.8028181923794,325.02005529596454,18381000
2023-09-08,327.9436340332031,329.79787848396427,323.2246699296337,323.8427514132207,19530100
2023-09-11,331.5442199707031,332.01514636855427,329.0817141298704,330.8574560496714,16583300
2023-09-12,325.490966796875,330.41597829482106,325.2064768442106,329.46433515175244,17565500
2023-09-13,329.69976806640625,330.4748250083912,324.90233116375424,325.0396659724569,16544400
2023-09-14,332.2898254394531,334.40891924896704,330.20013271673093,332.7312908414323,20267000
2023-09-15,323.9703063964844,331.0144115945299,323.4110869464427,330.54351516502703,37679800
2023-09-18,322.832275390625,324.14691123207,320.18336306203616,321.59611231194907,16834200
2023-09-19,322.42999267578125,323.15600785929996,318.36836152476627,319.9969481018416,16505900
2023-09-20,314.69915771484375,323.35223927183466,314.44409878418986,323.27376651009695,21436500
2023-09-21,313.4826354980469,319.19249448338184,309.0383706041025,313.2177562445035,35560400
2023-09-22,311.01031494140625,315.36628640951005,310.16657563325697,315.23874198409163,21447900
2023-09-25,311.5302429199219,311.65778732892073,309.03830660410404,310.5982106541626,17836000
2023-09-26,306.23248291015625,309.9016904509528,304.15258067558153,309.1658848784398,26297600
2023-09-27,306.87017822265625,308.3515797645924,303.82884250383796,306.3894315511619,19410100
2023-09-28,307.7041015625,309.5092743516403,303.5933986019012,305.10423119085175,19683600
2023-09-29,309.7741394042969,313.4237361635249,309.01872314440465,311.7362875557097,24147300
2023-10-02,315.7096252441406,315.79794825806266,309.21491966040423,310.29410713051254,20570000
2023-10-03,307.4588623046875,315.30745601689233,305.3200977637049,314.75802691222975,21033500
2023-10-04,312.9234619140625,313.9830389636432,308.05734158935775,308.0867726218454,20720100
2023-10-05,313.3158264160156,313.92411753909374,308.94024408682094,313.05094717371253,16965600
2023-10-06,321.0663757324219,322.95984189117127,310.31378015794706,310.55904872586825,25673600
2023-10-09,323.577880859375,324.04877728616253,317.063534182084,318.6038277713841,19891200
2023-10-10,322.1749572753906,324.8336598616772,321.4685826836827,324.69629510828605,20557100
2023-10-11,326.128662109375,326.5210857572993,322.91074029238723,324.9415409038971,20063200
2023-10-12,324.8924560546875,327.3157099325052,322.49863319805786,324.3136260113223,19313100
2023-10-13,321.5274353027344,327.5119635418574,320.1833385954494,326.0894240178062,21072400
2023-10-16,326.3445129394531,329.7782723940854,324.34311333126567,324.78457872571454,22158000
2023-10-17,325.7754821777344,327.1489800095309,321.2134933356926,323.3522278123477,18338500
2023-10-18,323.86236572265625,329.2386627175147,322.0866239478229,326.1973269355328,23153600
2023-10-19,325.04949951171875,330.5042694735543,324.6472555112947,325.86377789501114,25052100
2023-10-20,320.487548828125,325.638188807879,319.2906370066579,325.441961975503,25027700
2023-10-23,323.08734130859375,326.4328077015871,318.25065300887303,319.31019990102027,24374700
2023-10-24,324.2744140625,325.55961871050516,321.39987419726737,325.02983032476106,31153600
2023-10-25,334.2225036621094,339.64784186158397,331.23020990044404,338.4901517493969,55053800
2023-10-26,321.6844177246094,335.1643669777935,320.75238530520863,334.0949997460641,37828500
2023-10-27,323.56805419921875,330.3472799837888,322.1847360926127,324.1763153652428,29856500
2023-10-30,330.9261169433594,333.02562998161824,325.54981985866505,327.09993377177346,22828100
2023-10-31,331.7109375,332.5841077884047,328.3556809665902,332.4369526667647,20265300
2023-11-01,339.5202941894531,340.84475010797416,333.2217857907102,333.35915052507676,28158800
2023-11-02,341.7277526855469,342.22808013928716,338.244921513789,340.66817584467145,24348100
2023-11-03,346.1229248046875,347.68285894520625,340.7564483684525,343.0129367253001,23637700
2023-11-06,349.7823486328125,350.7732430573265,346.66254017187435,346.76065357014403,23828300
2023-11-07,353.7066650390625,355.6001309786841,350.86155596843827,352.59804644995546,25833900
2023-11-08,356.32611083984375,356.9834136941428,353.72624062685685,354.8348591059033,26767800
2023-11-09,353.8636169433594,357.88602671202375,353.53984572631765,355.4431318616368,24847300
2023-11-10,362.6737365722656,363.09559132044575,354.23649190861096,354.6485263333416,28042100
2023-11-13,359.7403564453125,361.49648801739886,358.9751196052996,361.2512194155997,19986500
2023-11-14,363.2622985839844,364.9105258370756,360.3975789598127,363.98831378189556,27683900
2023-11-15,363.4098205566406,366.81121863639925,360.89314538692616,364.99254154145893,26860100
2023-11-16,369.79974365234375,369.97668823321743,363.9111612043172,364.6779510555463,27182300
2023-11-17,363.58673095703125,368.03017560302834,360.7849886688486,367.2830363259732,40157000
2023-11-20,371.0481872558594,372.45396350296016,364.7172440162698,364.93351959280636,52465100
2023-11-21,366.752197265625,369.8488471174716,364.8352078331243,369.30817317536815,28423100
2023-11-22,371.45123291015625,373.358382009187,368.6200000208417,371.5986867063138,23345300
2023-11-24,371.03839111328125,371.56925486439644,368.7871927998492,370.9400785666633,10176600
2023-11-27,372.1983642578125,374.1940157538783,369.8292031236525,370.39936783626126,22179200
2023-11-28,376.21917724609375,376.51408489452496,371.75605149490684,371.94283633917263,20453100
2023-11-29,372.434326171875,377.792014506202,371.0482003824139,377.2611808001932,28963400
2023-11-30,372.4933166503906,373.6533266294802,369.1115692531181,372.0804159794598,30554400
2023-12-01,368.1678466796875,371.75602952719976,365.0220252786822,370.37974391455106,33040500
2023-12-04,362.88873291015625,363.26227251698964,356.7543851446723,362.84940189862635,32063300
2023-12-05,366.2115173339844,366.76203156592914,359.4283719754838,360.2443330697854,23065000
2023-12-06,362.5545349121094,367.84343196383037,361.79758529719794,367.214285660699,21182100
2023-12-07,364.6681213378906,365.15965403682253,360.11652374565716,361.99418225567007,23118900
2023-12-08,367.8925476074219,368.11863343182006,361.99415565369594,362.9477302195792,20154400
2023-12-11,365.01214599609375,365.3070835963392,359.90022426700926,362.23992455873395,27708800
2023-12-12,368.03997802734375,368.0793090380866,364.186348995361,364.5697588483691,24838300
2023-12-13,368.0301818847656,371.2448248811306,364.4911405130115,369.65223376326037,30955500
2023-12-14,359.73309326171875,367.43051168709843,357.9635876470979,366.98812028305656,43277500
2023-12-15,364.4517822265625,366.09348435441314,360.07712996825825,360.6374843475571,78502300
2023-12-18,366.33929443359375,366.68337330414107,362.4365238179664,363.1935033333252,21802900
2023-12-19,366.93896484375,366.93896484375,363.5768683048988,365.1989200557806,20603700
2023-12-20,364.3437194824219,369.66210727216645,364.2552471902659,368.649551038678,26316700
2023-12-21,367.2142333984375,368.06949543921024,363.77350472816454,366.25081857048275,17708000
2023-12-22,368.2366027832031,368.8264479888416,366.39827539290235,367.3518499751321,17107500
2023-12-26,368.3152770996094,370.5566649551992,367.1749176642006,368.649515727109,12673100
2023-12-27,367.7352600097656,368.70848509896524,366.49658807749455,367.36169037934906,14905400
2023-12-28,368.9247741699219,370.0847841167637,367.82374574574834,369.01324645392424,14327000
2023-12-29,369.6719055175781,370.77293391810167,367.15526060187455,369.6325745030526,18730800
